,eventsource,eventsourcecode,ID,eventtime,Event Time,event_unix_time,Magnitude,Update Time,Evaluation Status,Magnitude Type,Latitude,Longitude,Title
0,nc,73674211,nc73674211,2022-01-06T00:28:07.010Z,1/6/22 0:28,1641428887,4.75,54:14.2,final,mw,37.3338333,-117.9023333,"8km ESE of Deep Springs, CA"
0,nc,73674211,nc73674211,2022-01-06T00:28:07.010Z,1/6/22 0:28,1641428887,4.75,54:14.2,final,mw,37.3338333,-117.9023333,"8km ESE of Deep Springs, CA"
0,nn,833903,nn833903,2022-02-15T21:16:24.065Z,2/15/22 21:16,1644959784,4.7,40:57.8,reviewed,ml,38.1814,-117.7833,"36 km SE of Mina, Nevada"
0,nc,73674251,nc73674251,2022-01-06T02:42:10.830Z,1/6/22 2:42,1641436930,4.58,21:21.0,final,mw,40.3846667,-124.8643333,"50km W of Petrolia, CA"
0,ci,40063391,ci40063391,2022-07-15T01:19:07.000Z,7/15/22 1:19,1657847947,4.58,56:23.8,final,mw,35.7091667,-117.5843333,"13km NE of Ridgecrest, CA"
0,nc,73765585,nc73765585,2022-08-08T20:44:14.110Z,8/8/22 20:44,1659991454,4.45,17:33.2,final,mw,38.5816667,-119.446,"8km NNE of Walker, CA"
0,us,7000i3dm,us7000i3dm,2022-08-29T15:22:29.115Z,8/29/22 15:22,1661786549,4.4,02:53.0,confirmed,mwr,40.4083,-126.8122,"216 km W of Ferndale, California"
0,us,6000ibfj,us6000ibfj,2022-08-16T21:03:23.030Z,8/16/22 21:03,1660683803,4.4,26:32.0,reviewed,mb,41.8905,-126.7853,"202 km WSW of Pistol River, Oregon"
0,nc,73781306,nc73781306,2022-09-14T01:39:38.730Z,9/14/22 1:39,1663119578,4.39,33:08.1,final,mw,38.475,-122.7071667,"3km N of Santa Rosa, CA"
0,us,6000iakl,us6000iakl,2022-08-13T18:45:28.484Z,8/13/22 18:45,1660416328,4.3,25:43.0,reviewed,mb,42.0252,-126.7645,"197 km W of Pistol River, Oregon"
0,us,6000i9du,us6000i9du,2022-08-09T14:40:47.726Z,8/9/22 14:40,1660056047,4.3,19:46.0,reviewed,mb,41.8774,-126.7256,"197 km WSW of Pistol River, Oregon"
0,nn,832186,nn832186,2022-01-22T22:40:11.845Z,1/22/22 22:40,1642891211,4.3,37:47.9,reviewed,mw,38.2571,-118.3528,"25 km SW of Mina, Nevada"
0,nc,71129069,nc71129069,2022-09-14T01:40:20.420Z,9/14/22 1:40,1663119620,4.29,34:08.4,final,ml,38.4813333,-122.7036667,"4km N of Santa Rosa, CA"
0,ci,40027143,ci40027143,2022-05-26T09:23:32.530Z,5/26/22 9:23,1653557012,4.28,01:24.4,final,mw,35.6026667,-117.406,"18km S of Trona, CA"
0,nc,73761796,nc73761796,2022-07-23T01:41:04.680Z,7/23/22 1:41,1658540464,4.24,39:28.7,final,mw,39.4656667,-121.4761667,"5km S of Oroville East, CA"
0,us,7000h21e,us7000h21e,2022-04-14T01:21:15.822Z,4/14/22 1:21,1649899275,4.2,08:10.0,reviewed,mb,43.1739,-126.0453,"132 km WNW of Langlois, Oregon"
0,nn,831033,nn831033,2022-01-05T07:21:14.365Z,1/5/22 7:21,1641367274,4.2,32:01.3,reviewed,mw,38.1677,-117.8238,"35 km SE of Mina, Nevada"
0,nc,73752031,nc73752031,2022-06-28T11:57:40.710Z,6/28/22 11:57,1656417460,4.19,14:58.5,final,mw,38.8301667,-122.7471667,"2km WNW of Cobb, CA"
0,nc,73740051,nc73740051,2022-06-02T12:07:22.230Z,6/2/22 12:07,1654171642,4.14,59:41.0,final,mw,38.0765,-122.0076667,"7km NW of Bay Point, CA"
0,nc,73705146,nc73705146,2022-03-13T20:51:32.260Z,3/13/22 20:51,1647204692,4.12,43:54.6,final,mw,36.5846667,-121.1883333,"7km NW of Pinnacles, CA"
0,nc,73714181,nc73714181,2022-04-04T15:16:46.240Z,4/4/22 15:16,1649085406,4.07,58:06.3,final,mw,40.4871667,-124.2101667,"9km W of Rio Dell, CA"
0,us,7000ht45,us7000ht45,2022-07-24T09:22:07.411Z,7/24/22 9:22,1658654527,4,09:47.0,reviewed,mb,43.4175,-128.7136,off the coast of Oregon
0,us,7000h72v,us7000h72v,2022-05-04T18:28:18.229Z,5/4/22 18:28,1651688898,4,39:59.0,reviewed,mb,40.4952,-127.1936,"248 km W of Ferndale, California"
0,us,7000ghpx,us7000ghpx,2022-02-03T19:25:56.611Z,2/3/22 19:25,1643916356,4,57:16.0,reviewed,mb,44.2078,-128.6507,off the coast of Oregon
0,us,6000iac9,us6000iac9,2022-08-12T20:00:04.319Z,8/12/22 20:00,1660334404,4,21:08.0,reviewed,mb,44.4831,-125.9475,"148 km W of Yachats, Oregon"
0,nc,73774300,nc73774300,2022-09-01T13:36:22.150Z,9/1/22 13:36,1662039382,4,17:49.7,final,mw,36.549,-121.0965,"5km ENE of Pinnacles, CA"
0,ci,39928087,ci39928087,2022-01-30T17:46:26.970Z,1/30/22 17:46,1643564786,4,21:59.6,final,mw,33.3355,-116.9146667,"5km WSW of Palomar Observatory, CA"
0,nc,73707021,nc73707021,2022-03-18T04:51:22.290Z,3/18/22 4:51,1647579082,3.99,07:16.6,final,mw,38.521,-119.5405,"5km W of Walker, CA"
0,ci,40194736,ci40194736,2022-02-27T01:44:18.300Z,2/27/22 1:44,1645926258,3.98,46:07.8,final,mw,34.4211667,-119.132,"10km NW of Santa Paula, CA"
0,nc,73712486,nc73712486,2022-03-31T02:05:26.760Z,3/31/22 2:05,1648692326,3.93,53:30.5,final,mw,37.4093333,-118.6031667,"1km SW of Round Valley, CA"
0,nc,73691661,nc73691661,2022-02-12T00:26:19.710Z,2/12/22 0:26,1644625579,3.93,30:20.9,final,mw,40.3718333,-125.442,"98km W of Petrolia, CA"
0,ci,39901519,ci39901519,2022-01-03T02:34:48.200Z,1/3/22 2:34,1641177288,3.92,28:32.1,final,ml,35.284,-119.3906667,"15km SSE of Buttonwillow, CA"
0,us,7000h3bv,us7000h3bv,2022-04-19T12:43:57.057Z,4/19/22 12:43,1650372237,3.9,19:42.0,reviewed,mb,43.3295,-126.7468,"191 km W of Bandon, Oregon"
0,nn,846122,nn846122,2022-08-30T18:31:27.831Z,8/30/22 18:31,1661884287,3.9,58:05.2,reviewed,ml,38.1502,-117.8993,"32 km SE of Mina, Nevada"
0,nn,842016,nn842016,2022-06-30T17:48:11.909Z,6/30/22 17:48,1656611291,3.9,40:44.0,reviewed,ml,38.2083,-117.7791,"35 km SE of Mina, Nevada"
0,nn,841009,nn841009,2022-06-16T16:55:23.108Z,6/16/22 16:55,1655398523,3.9,39:49.8,reviewed,mw,38.1723,-117.8226,"34 km SE of Mina, Nevada"
0,nn,832788,nn832788,2022-01-30T07:16:42.456Z,1/30/22 7:16,1643527002,3.9,38:52.1,reviewed,ml,38.142,-118.0052,"29 km SSE of Mina, Nevada"
0,nc,73763275,nc73763275,2022-08-02T21:44:06.980Z,8/2/22 21:44,1659476646,3.9,06:36.0,final,mw,40.3136667,-124.5783333,"25km W of Petrolia, CA"
0,ci,40182560,ci40182560,2022-02-11T00:25:02.020Z,2/11/22 0:25,1644539102,3.86,34:48.8,final,mw,34.4171667,-119.1323333,"10km NW of Santa Paula, CA"
0,ci,39910255,ci39910255,2022-01-13T03:19:08.700Z,1/13/22 3:19,1642043948,3.86,09:25.5,final,mw,33.4688333,-116.443,"23km ESE of Anza, CA"
0,nc,73714176,nc73714176,2022-04-04T15:18:31.590Z,4/4/22 15:18,1649085511,3.8,21:10.5,final,mw,40.4816667,-124.2186667,"10km WSW of Rio Dell, CA"
0,ci,40065255,ci40065255,2022-07-17T15:44:26.540Z,7/17/22 15:44,1658072666,3.8,43:56.7,final,mw,35.5126667,-118.3865,"13km SE of Bodfish, CA"
0,nc,73743421,nc73743421,2022-06-09T22:26:59.100Z,6/9/22 22:26,1654813619,3.79,22:05.9,final,mw,40.2915,-124.5188333,"20km W of Petrolia, CA"
0,nc,73700486,nc73700486,2022-03-03T11:39:58.200Z,3/3/22 11:39,1646307598,3.78,03:15.7,final,mw,38.7805,-122.7581667,"0km NNW of The Geysers, CA"
0,ci,40019919,ci40019919,2022-05-16T06:16:50.290Z,5/16/22 6:16,1652681810,3.76,44:36.6,final,mw,34.0078333,-116.4448333,"7km NE of Desert Hot Springs, CA"
0,uw,61869652,uw61869652,2022-09-08T08:08:25.830Z,9/8/22 8:08,1662624505,3.71,07:00.9,final,ml,47.842,-122.7516667,"7 km WNW of Lofall, Washington"
0,us,7000h0h7,us7000h0h7,2022-04-07T17:45:16.716Z,4/7/22 17:45,1649353516,3.7,21:13.0,reviewed,mb,44.1223,-128.856,off the coast of Oregon
0,ci,40032983,ci40032983,2022-06-03T10:40:29.910Z,6/3/22 10:40,1654252829,3.68,09:12.8,final,ml,33.2338333,-116.6641667,"6km SSW of Warner Springs, CA"
0,nc,73710361,nc73710361,2022-03-25T21:10:58.610Z,3/25/22 21:10,1648242658,3.67,25:28.4,final,mw,39.1266667,-122.2585,"10km WSW of Williams, CA"
0,nc,73739346,nc73739346,2022-05-30T09:50:56.330Z,5/30/22 9:50,1653904256,3.64,11:23.8,final,mw,40.3883333,-125.0521667,"65km W of Petrolia, CA"
0,ci,40178728,ci40178728,2022-02-06T23:24:47.510Z,2/6/22 23:24,1644189887,3.62,55:23.6,final,ml,33.7323333,-117.4786667,"13km NE of Trabuco Canyon, CA"
0,ci,39985119,ci39985119,2022-04-03T09:51:30.520Z,4/3/22 9:51,1648979490,3.62,40:27.4,final,mw,35.0381667,-116.9765,"16km NNE of Barstow, CA"
0,us,6000i982,us6000i982,2022-08-08T23:26:06.802Z,8/8/22 23:26,1660001166,3.6,19:26.0,reviewed,mb,42.3951,-126.5264,"171 km WSW of Port Orford, Oregon"
0,nc,73707826,nc73707826,2022-03-19T16:59:41.390Z,3/19/22 16:59,1647709181,3.58,33:51.6,final,mw,37.0021667,-121.7615,"4km ENE of Corralitos, CA"
0,ci,40302920,ci40302920,2022-07-13T10:28:27.290Z,7/13/22 10:28,1657708107,3.58,39:12.2,final,mw,32.498,-118.2405,"37km SSE of San Clemente Is. (SE tip), CA"
0,nc,73767655,nc73767655,2022-08-13T12:33:35.760Z,8/13/22 12:33,1660394015,3.57,59:25.1,final,mw,40.7575,-123.9355,"14km SE of Bayside, CA"
0,ci,40095559,ci40095559,2022-09-03T17:04:55.810Z,9/3/22 17:04,1662224695,3.57,59:52.1,final,mw,34.0203333,-117.5595,"5km NW of Mira Loma, CA"
0,ci,39905711,ci39905711,2022-01-08T06:21:31.650Z,1/8/22 6:21,1641622891,3.56,17:14.2,final,ml,34.4365,-118.9911667,"8km WNW of Fillmore, CA"
0,ci,40065151,ci40065151,2022-07-17T10:41:43.560Z,7/17/22 10:41,1658054503,3.55,11:45.8,final,ml,33.4196667,-118.009,"23km SSW of Newport Beach, CA"
0,ci,40036719,ci40036719,2022-06-08T22:48:21.560Z,6/8/22 22:48,1654728501,3.55,44:29.3,final,mw,35.5108333,-118.3873333,"13km SE of Bodfish, CA"
0,nc,73752561,nc73752561,2022-06-29T14:08:04.200Z,6/29/22 14:08,1656511684,3.54,39:17.6,final,ml,40.3665,-125.5813333,"110km W of Petrolia, CA"
0,nc,73713331,nc73713331,2022-04-02T10:31:04.680Z,4/2/22 10:31,1648895464,3.54,12:51.9,final,ml,41.0453333,-123.5105,"16km NE of Willow Creek, CA"
0,nc,73702486,nc73702486,2022-03-07T16:22:42.900Z,3/7/22 16:22,1646670162,3.54,29:26.7,final,mw,38.2258333,-119.08,"6km WNW of Bodie, CA"
0,ci,40297864,ci40297864,2022-07-06T06:15:46.400Z,7/6/22 6:15,1657088146,3.53,43:40.4,final,ml,35.5548333,-118.402,"9km ESE of Bodfish, CA"
0,ci,40255392,ci40255392,2022-05-10T06:53:51.020Z,5/10/22 6:53,1652165631,3.53,24:48.1,final,ml,35.5251667,-117.3896667,"27km S of Trona, CA"
0,ci,39924871,ci39924871,2022-01-27T10:51:22.330Z,1/27/22 10:51,1643280682,3.51,56:55.5,final,ml,35.0445,-118.9958333,"13km NNW of Grapevine, CA"
0,us,7000hdg8,us7000hdg8,2022-05-29T16:24:56.858Z,5/29/22 16:24,1653841496,3.5,13:04.0,reviewed,ml,43.0089,-127.507,"247 km W of Port Orford, Oregon"
0,nn,836469,nn836469,2022-04-01T11:34:31.115Z,4/1/22 11:34,1648812871,3.5,57:25.8,reviewed,mw,38.1708,-117.8881,"31 km SE of Mina, Nevada"
0,nn,834659,nn834659,2022-03-01T18:17:21.302Z,3/1/22 18:17,1646158641,3.5,37:58.8,reviewed,ml,38.141,-118.0206,"28 km SSE of Mina, Nevada"
0,nn,834481,nn834481,2022-02-26T01:42:23.102Z,2/26/22 1:42,1645839743,3.5,21:34.6,reviewed,ml,38.1861,-117.7771,"36 km SE of Mina, Nevada"
0,nn,834222,nn834222,2022-02-21T05:06:10.361Z,2/21/22 5:06,1645419970,3.5,38:39.0,reviewed,ml,38.2511,-118.3624,California-Nevada border region
0,nc,73766880,nc73766880,2022-08-11T17:12:57.710Z,8/11/22 17:12,1660237977,3.49,16:45.0,final,ml,38.586,-119.4498333,"8km NNE of Walker, CA"
0,ci,40017591,ci40017591,2022-05-13T13:32:36.610Z,5/13/22 13:32,1652448756,3.48,06:39.0,final,mw,33.342,-116.8575,"2km SSE of Palomar Observatory, CA"
0,nc,73775400,nc73775400,2022-09-04T18:57:55.730Z,9/4/22 18:57,1662317875,3.47,47:39.0,final,mw,36.5688333,-121.1308333,"4km NNE of Pinnacles, CA"
0,nc,73686986,nc73686986,2022-02-02T01:41:48.220Z,2/2/22 1:41,1643766108,3.47,07:18.8,final,mw,38.6553333,-119.7725,"4km SSE of Markleeville, CA"
0,ci,40065175,ci40065175,2022-07-17T11:34:47.530Z,7/17/22 11:34,1658057687,3.47,42:30.2,final,ml,35.487,-118.2855,"22km ESE of Bodfish, CA"
0,nc,73767145,nc73767145,2022-08-12T03:37:05.020Z,8/12/22 3:37,1660275425,3.45,43:08.2,final,ml,38.5876667,-119.4523333,"8km NNE of Walker, CA"
0,ci,40250808,ci40250808,2022-05-02T21:56:48.810Z,5/2/22 21:56,1651528608,3.45,41:36.5,final,ml,36.132,-118.0658333,"14km NW of Coso Junction, CA"
0,ci,39915287,ci39915287,2022-01-18T07:39:15.120Z,1/18/22 7:39,1642491555,3.45,19:07.4,final,mw,33.8255,-116.7506667,"10km NNW of Idyllwild, CA"
0,ci,40333424,ci40333424,2022-08-28T22:48:03.720Z,8/28/22 22:48,1661726883,3.42,21:51.4,final,ml,35.6443333,-118.3181667,"14km ESE of Wofford Heights, CA"
0,us,7000h8b7,us7000h8b7,2022-05-10T12:53:41.691Z,5/10/22 12:53,1652187221,3.4,31:11.0,reviewed,mb,43.0209,-127.9572,"284 km W of Port Orford, Oregon"
0,nn,845990,nn845990,2022-08-28T13:04:11.638Z,8/28/22 13:04,1661691851,3.4,49:32.4,reviewed,ml,38.1813,-117.9717,"26 km SSE of Mina, Nevada"
0,nn,840175,nn840175,2022-06-02T20:57:23.698Z,6/2/22 20:57,1654203443,3.4,39:20.6,reviewed,mw,38.1845,-117.8827,"30 km SE of Mina, Nevada"
0,nn,834205,nn834205,2022-02-20T09:37:50.061Z,2/20/22 9:37,1645349870,3.4,00:28.5,reviewed,ml,38.1543,-117.9365,"30 km SSE of Mina, Nevada"
0,nn,833880,nn833880,2022-02-15T05:34:54.330Z,2/15/22 5:34,1644903294,3.4,49:32.9,reviewed,ml,38.1622,-117.8893,"31 km SE of Mina, Nevada"
0,nn,832045,nn832045,2022-01-20T15:45:10.479Z,1/20/22 15:45,1642693510,3.4,37:12.3,reviewed,mw,38.1827,-117.7655,"37 km SE of Mina, Nevada"
0,nn,831181,nn831181,2022-01-06T04:21:23.192Z,1/6/22 4:21,1641442883,3.4,29:37.0,reviewed,mw,38.17,-117.8851,"31 km SE of Mina, Nevada"
0,nc,73695786,nc73695786,2022-02-21T05:07:36.210Z,2/21/22 5:07,1645420056,3.4,56:58.7,final,mw,36.7206667,-121.3711667,"9km SSW of Tres Pinos, CA"
0,nc,73754191,nc73754191,2022-07-04T07:22:41.360Z,7/4/22 7:22,1656919361,3.38,27:51.5,final,ml,37.353,-118.5516667,"8km SSE of Round Valley, CA"
0,ci,40065903,ci40065903,2022-07-18T17:07:58.290Z,7/18/22 17:07,1658164078,3.38,57:23.6,final,ml,35.5143333,-118.3873333,"12km SE of Bodfish, CA"
0,nc,73761801,nc73761801,2022-07-23T02:47:13.330Z,7/23/22 2:47,1658544433,3.37,24:32.4,final,ml,36.0743333,-120.163,"8km NNW of Avenal, CA"
0,nc,73775530,nc73775530,2022-09-04T22:55:15.620Z,9/4/22 22:55,1662332115,3.36,16:11.3,final,ml,37.3121667,-121.6781667,"14km ESE of Alum Rock, CA"
0,nc,73689126,nc73689126,2022-02-06T04:55:17.850Z,2/6/22 4:55,1644123317,3.36,28:38.9,final,ml,38.7856667,-122.7453333,"1km NE of The Geysers, CA"
0,nc,73750331,nc73750331,2022-06-24T09:05:12.080Z,6/24/22 9:05,1656061512,3.35,48:11.4,final,mw,35.9723333,-120.5266667,"12km NW of Parkfield, CA"
0,nc,73736456,nc73736456,2022-05-22T01:30:30.390Z,5/22/22 1:30,1653183030,3.35,46:55.6,final,ml,37.5186667,-118.8228333,"14km WSW of Toms Place, CA"
0,nc,73727061,nc73727061,2022-05-01T03:17:37.970Z,5/1/22 3:17,1651375057,3.34,13:30.4,final,ml,38.7988333,-122.8116667,"5km WNW of The Geysers, CA"
0,nc,73774035,nc73774035,2022-08-31T22:41:44.170Z,8/31/22 22:41,1661985704,3.33,44:16.7,final,ml,40.5055,-124.256,"8km S of Ferndale, CA"
0,nc,73747161,nc73747161,2022-06-18T20:14:16.080Z,6/18/22 20:14,1655583256,3.33,34:30.5,final,ml,37.1923333,-121.5806667,"10km NE of Morgan Hill, CA"
0,nc,73712821,nc73712821,2022-03-31T22:39:04.670Z,3/31/22 22:39,1648766344,3.33,39:01.3,final,ml,36.8105,-121.5395,"4km S of San Juan Bautista, CA"
0,ci,40074431,ci40074431,2022-08-03T18:45:00.270Z,8/3/22 18:45,1659552300,3.33,26:30.5,final,ml,34.4603333,-117.8075,"4km SSW of Llano, CA"
0,nc,73726581,nc73726581,2022-04-30T18:17:56.920Z,4/30/22 18:17,1651342676,3.32,24:02.5,final,ml,38.8195,-122.8031667,"6km NW of The Geysers, CA"
0,nc,73738116,nc73738116,2022-05-26T08:11:39.700Z,5/26/22 8:11,1653552699,3.31,27:55.5,final,ml,37.2298333,-118.2918333,"7km N of Big Pine, CA"
0,us,7000i36x,us7000i36x,2022-08-28T21:26:11.014Z,8/28/22 21:26,1661721971,3.3,30:35.0,confirmed,ml,43.4912,-126.6641,
0,nn,838002,nn838002,2022-04-28T15:00:01.517Z,4/28/22 15:00,1651158001,3.3,20:27.1,reviewed,ml,38.7001,-118.4791,"23 km NNE of Hawthorne, Nevada"
0,nn,837174,nn837174,2022-04-14T17:26:19.821Z,4/14/22 17:26,1649957179,3.3,09:58.8,reviewed,ml,38.0016,-118.0462,"37 km N of Dyer, Nevada"
0,nn,832745,nn832745,2022-01-29T07:03:15.375Z,1/29/22 7:03,1643439795,3.3,29:16.6,reviewed,ml,40.2843,-117.756,"53 km SE of Imlay, Nevada"
0,nc,73780871,nc73780871,2022-09-12T20:09:09.110Z,9/12/22 20:09,1663013349,3.3,09:31.7,final,ml,39.6025,-120.4031667,"16km WSW of Loyalton, CA"
0,nc,73693841,nc73693841,2022-02-16T23:02:47.900Z,2/16/22 23:02,1645052567,3.3,43:45.2,final,ml,35.6986667,-121.1255,"8km NE of San Simeon, CA"
0,nc,73712606,nc73712606,2022-03-31T08:16:30.000Z,3/31/22 8:16,1648714590,3.29,37:30.2,final,ml,37.4108333,-118.601,"0km SW of Round Valley, CA"
0,nc,73710701,nc73710701,2022-03-26T17:46:51.280Z,3/26/22 17:46,1648316811,3.29,07:53.3,final,ml,38.5136667,-119.5428333,"6km W of Walker, CA"
0,nc,73671951,nc73671951,2022-01-01T06:10:48.010Z,1/1/22 6:10,1641017448,3.29,43:12.3,final,ml,35.8995,-120.441,"1km W of Parkfield, CA"
0,nc,73707241,nc73707241,2022-03-18T15:16:25.790Z,3/18/22 15:16,1647616585,3.28,03:46.0,final,ml,36.483,-120.9055,"22km ESE of Pinnacles, CA"
0,ci,39988527,ci39988527,2022-04-08T09:35:54.780Z,4/8/22 9:35,1649410554,3.28,28:07.9,final,ml,35.3131667,-118.5361667,"22km NNW of Tehachapi, CA"
0,ci,39974135,ci39974135,2022-03-22T10:33:38.430Z,3/22/22 10:33,1647945218,3.28,54:00.3,final,ml,34.0498333,-117.5645,"6km E of Ontario, CA"
0,nc,73690166,nc73690166,2022-02-08T23:16:00.410Z,2/8/22 23:16,1644362160,3.27,52:50.9,final,ml,38.8081667,-122.8013333,"5km NW of The Geysers, CA"
0,ci,40200072,ci40200072,2022-03-05T11:02:16.160Z,3/5/22 11:02,1646478136,3.27,56:24.5,final,ml,35.5136667,-118.384,"13km SE of Bodfish, CA"
0,nc,73765315,nc73765315,2022-08-08T02:38:51.560Z,8/8/22 2:38,1659926331,3.26,33:03.1,final,ml,36.6546667,-121.0928333,"14km NNE of Pinnacles, CA"
0,nc,73759571,nc73759571,2022-07-17T08:19:59.640Z,7/17/22 8:19,1658045999,3.26,36:40.9,final,ml,38.8165,-122.8221667,"7km NW of The Geysers, CA"
0,ci,40018903,ci40018903,2022-05-14T21:28:14.790Z,5/14/22 21:28,1652563694,3.26,47:24.5,final,ml,34.9123333,-119.353,"17km SSE of Maricopa, CA"
0,ci,39929895,ci39929895,2022-02-01T17:26:16.480Z,2/1/22 17:26,1643736376,3.26,04:45.9,final,ml,33.949,-118.2048333,"1km SE of South Gate, CA"
0,nc,73730206,nc73730206,2022-05-06T20:17:27.060Z,5/6/22 20:17,1651868247,3.25,48:21.6,final,ml,40.8213333,-124.3613333,"16km WNW of Bayview, CA"
0,ci,40063159,ci40063159,2022-07-14T19:30:34.210Z,7/14/22 19:30,1657827034,3.25,58:46.7,final,ml,34.2206667,-117.5951667,"10km WSW of Lytle Creek, CA"
0,nc,73780356,nc73780356,2022-09-11T06:55:21.990Z,9/11/22 6:55,1662879321,3.24,39:59.1,final,ml,36.6365,-121.2581667,"16km NW of Pinnacles, CA"
0,nc,73753116,nc73753116,2022-07-01T05:27:56.810Z,7/1/22 5:27,1656653276,3.24,58:41.4,final,ml,37.1925,-118.2695,"4km NNE of Big Pine, CA"
0,nc,73691736,nc73691736,2022-02-12T03:13:42.080Z,2/12/22 3:13,1644635622,3.24,25:16.7,final,mw,37.7395,-122.1478333,"2km NNE of San Leandro, CA"
0,ci,40040359,ci40040359,2022-06-15T02:18:33.050Z,6/15/22 2:18,1655259513,3.24,35:25.4,final,ml,35.9876667,-117.4081667,"24km N of Searles Valley, CA"
0,nc,73682241,nc73682241,2022-01-23T15:00:07.860Z,1/23/22 15:00,1642950007,3.23,24:40.2,final,ml,40.4056667,-125.3576667,"91km W of Petrolia, CA"
0,nc,71127384,nc71127384,2022-03-13T20:51:30.100Z,3/13/22 20:51,1647204690,3.23,20:20.4,final,ml,36.5893333,-121.1863333,"8km NNW of Pinnacles, CA"
0,uw,61844772,uw61844772,2022-06-20T04:45:09.320Z,6/20/22 4:45,1655700309,3.22,20:07.3,final,ml,42.1175,-123.8286667,"11 km WNW of O'Brien, Oregon"
0,nc,73721575,nc73721575,2022-04-22T05:02:34.900Z,4/22/22 5:02,1650603754,3.22,08:09.0,final,ml,36.6781667,-121.3041667,"12km S of Tres Pinos, CA"
0,nc,73701676,nc73701676,2022-03-05T15:07:29.780Z,3/5/22 15:07,1646492849,3.22,14:04.1,final,ml,36.5286667,-121.1181667,"2km E of Pinnacles, CA"
0,ci,40036911,ci40036911,2022-06-09T07:34:17.520Z,6/9/22 7:34,1654760057,3.21,24:26.0,final,ml,35.5115,-118.3875,"13km SE of Bodfish, CA"
0,ci,39906383,ci39906383,2022-01-08T23:46:18.060Z,1/8/22 23:46,1641685578,3.21,10:19.5,final,ml,33.373,-116.8868333,"3km NW of Palomar Observatory, CA"
0,us,7000h02a,us7000h02a,2022-04-06T01:59:23.751Z,4/6/22 1:59,1649210363,3.2,21:06.0,reviewed,ml,40.8054,-127.3132,"258 km W of Ferndale, California"
0,us,7000gkes,us7000gkes,2022-02-13T03:42:48.667Z,2/13/22 3:42,1644723768,3.2,18:04.0,reviewed,ml,43.4509,-127.0583,"218 km W of Bandon, Oregon"
0,us,7000gbmr,us7000gbmr,2022-01-13T16:32:25.536Z,1/13/22 16:32,1642091545,3.2,07:59.0,reviewed,ml,42.5167,-126.4568,"162 km W of Port Orford, Oregon"
0,nn,848278,nn848278,2022-09-01T15:21:20.033Z,9/1/22 15:21,1662045680,3.2,27:13.1,reviewed,ml,41.9732,-119.5575,"50 km ENE of Fort Bidwell, California"
0,nn,842055,nn842055,2022-07-01T11:13:47.557Z,7/1/22 11:13,1656674027,3.2,39:59.6,reviewed,ml,41.3971,-119.1041,"70 km N of Black Rock City, Nevada"
0,nn,832491,nn832491,2022-01-26T00:21:26.958Z,1/26/22 0:21,1643156486,3.2,38:24.2,reviewed,ml,40.5071,-119.1791,"15 km ESE of Empire, Nevada"
0,nn,831449,nn831449,2022-01-10T05:09:37.600Z,1/10/22 5:09,1641791377,3.2,46:29.5,reviewed,ml,38.1763,-117.8876,"30 km SE of Mina, Nevada"
0,ci,40296688,ci40296688,2022-07-05T02:42:05.220Z,7/5/22 2:42,1656988925,3.2,58:41.6,final,ml,32.715,-118.2046667,"18km SE of San Clemente Is. (SE tip), CA"
0,ci,40326728,ci40326728,2022-08-17T00:53:01.240Z,8/17/22 0:53,1660697581,3.19,27:24.6,final,ml,33.9263333,-116.7775,"1km NE of Cabazon, CA"
0,ci,40096951,ci40096951,2022-09-06T11:55:24.410Z,9/6/22 11:55,1662465324,3.19,31:31.8,final,ml,33.9918333,-116.843,"8km NNE of Banning, CA"
0,ci,39914199,ci39914199,2022-01-17T00:02:29.990Z,1/17/22 0:02,1642377749,3.19,33:52.3,final,ml,34.4386667,-119.2985,"5km WSW of Ojai, CA"
0,nc,73767575,nc73767575,2022-08-13T07:25:36.240Z,8/13/22 7:25,1660375536,3.17,34:21.0,final,ml,41.132,-123.882,"16km WSW of Weitchpec, CA"
0,ci,40185640,ci40185640,2022-02-14T16:41:35.260Z,2/14/22 16:41,1644856895,3.17,21:54.1,final,ml,34.3891667,-118.6415,"10km SW of Valencia, CA"
0,ci,40017815,ci40017815,2022-05-13T19:45:18.040Z,5/13/22 19:45,1652471118,3.16,41:17.9,final,ml,35.6956667,-117.6093333,"10km NE of Ridgecrest, CA"
0,nc,73719985,nc73719985,2022-04-19T05:00:09.150Z,4/19/22 5:00,1650344409,3.15,49:14.7,final,ml,38.7966667,-122.9833333,"3km ESE of Cloverdale, CA"
0,ci,40255256,ci40255256,2022-05-09T23:21:37.400Z,5/9/22 23:21,1652138497,3.15,32:37.5,final,ml,36.918,-118.0076667,"21km NE of Independence, CA"
0,nc,73695251,nc73695251,2022-02-19T21:35:37.600Z,2/19/22 21:35,1645306537,3.14,26:57.6,final,ml,40.292,-124.4191667,"12km WSW of Petrolia, CA"
0,nc,73688171,nc73688171,2022-02-04T15:50:09.360Z,2/4/22 15:50,1643989809,3.14,40:42.1,final,ml,38.8461667,-122.8191667,"9km WNW of Cobb, CA"
0,nc,73708781,nc73708781,2022-03-22T13:49:55.140Z,3/22/22 13:49,1647956995,3.13,48:10.2,final,ml,40.4168333,-125.2753333,"84km W of Petrolia, CA"
0,ci,40286392,ci40286392,2022-06-17T23:47:52.230Z,6/17/22 23:47,1655509672,3.13,57:28.3,final,ml,35.1083333,-119.0065,"19km SSW of Lamont, CA"
0,ci,39923679,ci39923679,2022-01-26T10:38:30.020Z,1/26/22 10:38,1643193510,3.12,30:52.6,final,ml,36.0235,-117.7755,"15km NE of Little Lake, CA"
0,us,6000ibx7,us6000ibx7,2022-08-18T18:08:34.701Z,8/18/22 18:08,1660846114,3.1,26:59.0,reviewed,ml,43.8814,-128.2708,off the coast of Oregon
0,us,6000iabx,us6000iabx,2022-08-12T19:14:42.803Z,8/12/22 19:14,1660331682,3.1,21:08.0,reviewed,ml,43.2924,-126.6672,off the coast of Oregon
0,nn,845765,nn845765,2022-08-24T18:02:49.185Z,8/24/22 18:02,1661364169,3.1,22:11.2,reviewed,ml,41.1547,-116.7227,"52 km NE of Valmy, Nevada"
0,ci,40067559,ci40067559,2022-07-22T00:11:28.750Z,7/22/22 0:11,1658448688,3.1,11:12.9,final,ml,36.189,-117.8156667,"20km ESE of Olancha, CA"
0,nc,73693581,nc73693581,2022-02-16T12:10:59.580Z,2/16/22 12:10,1645013459,3.09,33:54.5,final,ml,36.8451667,-121.5535,"1km W of San Juan Bautista, CA"
0,nc,73689506,nc73689506,2022-02-07T00:01:53.730Z,2/7/22 0:01,1644192113,3.09,34:14.4,final,ml,37.7281667,-122.1356667,"2km ENE of San Leandro, CA"
0,ci,40285368,ci40285368,2022-06-16T17:58:34.410Z,6/16/22 17:58,1655402314,3.09,41:01.8,final,ml,35.1836667,-118.988,"11km SW of Lamont, CA"
0,ci,39968663,ci39968663,2022-03-15T18:15:34.880Z,3/15/22 18:15,1647368134,3.09,41:05.0,final,ml,35.8251667,-117.6508333,"23km N of Ridgecrest, CA"
0,nc,73708446,nc73708446,2022-03-21T18:14:50.340Z,3/21/22 18:14,1647886490,3.08,40:23.8,final,ml,41.7146667,-125.4428333,"103km WSW of Brookings, OR"
0,ci,40031287,ci40031287,2022-05-31T23:53:29.030Z,5/31/22 23:53,1654041209,3.08,49:23.7,final,ml,35.7945,-117.6253333,"20km NNE of Ridgecrest, CA"
0,nc,73705251,nc73705251,2022-03-14T04:09:24.970Z,3/14/22 4:09,1647230964,3.07,32:56.1,final,ml,36.586,-121.1828333,"7km NNW of Pinnacles, CA"
0,nc,73682266,nc73682266,2022-01-23T16:53:10.310Z,1/23/22 16:53,1642956790,3.07,52:58.9,final,ml,36.6666667,-121.2703333,"14km SSE of Tres Pinos, CA"
0,uw,61860022,uw61860022,2022-08-04T13:22:39.400Z,8/4/22 13:22,1659619359,3.06,04:01.8,final,ml,47.25866667,-121.9718333,"6 km SSE of Black Diamond, Washington"
0,nc,73760676,nc73760676,2022-07-19T17:00:16.920Z,7/19/22 17:00,1658250016,3.06,34:13.7,final,ml,37.9133333,-118.4551667,"44km NNE of Toms Place, CA"
0,uw,61862977,uw61862977,2022-08-13T13:31:22.900Z,8/13/22 13:31,1660397482,3.05,01:35.6,final,ml,46.13033333,-120.5,"21 km NW of Bickleton, Washington"
0,nc,73736021,nc73736021,2022-05-20T16:20:35.460Z,5/20/22 16:20,1653063635,3.05,59:48.9,final,ml,40.4836667,-124.3091667,"11km SSW of Ferndale, CA"
0,ci,40194848,ci40194848,2022-02-27T04:44:34.540Z,2/27/22 4:44,1645937074,3.05,11:17.8,final,ml,34.4221667,-119.136,"10km ESE of Ojai, CA"
0,nc,73674821,nc73674821,2022-01-07T00:56:40.260Z,1/7/22 0:56,1641517000,3.03,43:05.5,final,ml,40.478,-124.3218333,"12km SSW of Ferndale, CA"
0,ci,39974207,ci39974207,2022-03-22T11:59:40.490Z,3/22/22 11:59,1647950380,3.03,46:00.0,final,ml,33.4715,-116.5325,"16km SE of Anza, CA"
0,ci,39923623,ci39923623,2022-01-26T09:59:05.010Z,1/26/22 9:59,1643191145,3.03,47:51.3,final,ml,36.0256667,-117.7791667,"15km NE of Little Lake, CA"
0,nc,73738836,nc73738836,2022-05-28T00:42:05.860Z,5/28/22 0:42,1653698525,3.02,38:57.0,final,ml,36.2383333,-120.8108333,"22km ENE of San Lucas, CA"
0,nc,73713091,nc73713091,2022-04-01T15:31:59.620Z,4/1/22 15:31,1648827119,3.02,21:49.9,final,ml,40.8165,-123.4696667,"19km SE of Willow Creek, CA"
0,ci,39923631,ci39923631,2022-01-26T09:59:17.040Z,1/26/22 9:59,1643191157,3.02,06:39.6,final,ml,36.023,-117.7763333,"15km NE of Little Lake, CA"
0,nc,73744931,nc73744931,2022-06-13T09:40:43.530Z,6/13/22 9:40,1655113243,3.01,14:45.1,final,ml,38.9461667,-123.0025,"13km SW of Lakeport, CA"
0,nc,73674891,nc73674891,2022-01-07T02:32:07.130Z,1/7/22 2:32,1641522727,3.01,30:34.1,final,ml,37.3363333,-117.9028333,"8km ESE of Deep Springs, CA"
0,us,7000gk9u,us7000gk9u,2022-02-12T12:53:22.475Z,2/12/22 12:53,1644670402,3,18:02.0,reviewed,ml,40.5629,-127.4776,"272 km W of Ferndale, California"
0,us,6000i96u,us6000i96u,2022-08-08T21:13:09.390Z,8/8/22 21:13,1659993189,3,19:21.0,reviewed,ml,40.3981,-126.4068,"182 km W of Ferndale, California"
0,us,6000hmlj,us6000hmlj,2022-05-20T13:31:07.347Z,5/20/22 13:31,1653053467,3,40:37.0,reviewed,ml,43.3972,-127.3119,
0,nn,843841,nn843841,2022-07-29T21:08:28.343Z,7/29/22 21:08,1659128908,3,14:20.9,reviewed,ml,38.1457,-117.9448,"30 km SSE of Mina, Nevada"
0,nn,840644,nn840644,2022-06-09T15:32:49.864Z,6/9/22 15:32,1654788769,3,37:22.2,reviewed,ml,38.4878,-117.9313,"18 km NE of Mina, Nevada"
0,nn,834257,nn834257,2022-02-22T08:48:41.902Z,2/22/22 8:48,1645519721,3,35:25.9,reviewed,ml,40.1717,-119.6443,"24 km N of Sutcliffe, Nevada"
0,nn,831455,nn831455,2022-01-10T08:09:08.991Z,1/10/22 8:09,1641802148,3,45:25.8,reviewed,ml,38.1757,-117.8179,"34 km SE of Mina, Nevada"
0,nn,830861,nn830861,2022-01-02T13:05:52.871Z,1/2/22 13:05,1641128752,3,37:16.1,reviewed,ml,38.162,-117.8369,"34 km SE of Mina, Nevada"
0,nc,73781266,nc73781266,2022-09-13T22:44:25.840Z,9/13/22 22:44,1663109065,3,31:33.2,final,ml,37.4665,-118.8123333,"16km SW of Toms Place, CA"
0,nc,73772490,nc73772490,2022-08-27T19:42:52.740Z,8/27/22 19:42,1661629372,3,24:14.5,final,ml,37.3568333,-121.7126667,"10km E of Alum Rock, CA"
0,nc,73765725,nc73765725,2022-08-09T00:33:28.590Z,8/9/22 0:33,1660005208,3,05:58.6,final,ml,38.5843333,-119.4488333,"8km NNE of Walker, CA"
0,nc,73733606,nc73733606,2022-05-14T11:20:00.840Z,5/14/22 11:20,1652527200,3,00:47.1,final,md,40.3771667,-124.7546667,"40km W of Petrolia, CA"
0,nc,73758756,nc73758756,2022-07-15T02:42:39.400Z,7/15/22 2:42,1657852959,2.99,14:28.9,final,md,41.283,-123.5321667,"12km SSW of Somes Bar, CA"
0,nc,73739561,nc73739561,2022-05-31T19:00:01.700Z,5/31/22 19:00,1654023601,2.99,22:30.5,final,ml,38.8003333,-122.8116667,"5km WNW of The Geysers, CA"
0,nc,73725406,nc73725406,2022-04-28T04:32:22.580Z,4/28/22 4:32,1651120342,2.99,59:51.4,final,ml,35.7945,-119.9881667,"24km S of Kettleman City, CA"
0,nc,73748321,nc73748321,2022-06-20T18:28:34.770Z,6/20/22 18:28,1655749714,2.98,04:05.7,final,md,40.9688333,-125.2936667,"96km WNW of Bayview, CA"
0,nc,71128134,nc71128134,2022-05-30T10:01:33.850Z,5/30/22 10:01,1653904893,2.98,35:38.2,final,md,40.419,-125.3621667,"92km W of Petrolia, CA"
0,nc,73763050,nc73763050,2022-08-02T12:18:39.650Z,8/2/22 12:18,1659442719,2.97,00:00.2,final,md,38.2285,-119.0793333,"6km WNW of Bodie, CA"
0,nc,73708746,nc73708746,2022-03-22T12:00:12.830Z,3/22/22 12:00,1647950412,2.97,54:47.3,final,md,35.8121667,-121.5141667,"24km SSE of Lopez Point, CA"
0,ci,39917799,ci39917799,2022-01-20T04:26:10.480Z,1/20/22 4:26,1642652770,2.97,44:38.5,final,ml,33.7298333,-116.8985,"2km SSW of Valle Vista, CA"
0,nc,73780981,nc73780981,2022-09-13T01:49:01.780Z,9/13/22 1:49,1663033741,2.96,44:57.2,final,md,40.4078333,-125.5375,"106km W of Petrolia, CA"
0,nc,73758971,nc73758971,2022-07-15T19:40:49.700Z,7/15/22 19:40,1657914049,2.96,48:26.8,final,ml,38.5775,-119.4548333,"7km NNE of Walker, CA"
0,nc,73707036,nc73707036,2022-03-18T04:59:57.380Z,3/18/22 4:59,1647579597,2.96,42:01.6,final,ml,38.5238333,-119.5348333,"5km WNW of Walker, CA"
0,nc,73686026,nc73686026,2022-01-30T20:47:35.650Z,1/30/22 20:47,1643575655,2.96,09:01.3,final,ml,35.781,-120.331,"7km NNW of Cholame, CA"
0,ci,40255408,ci40255408,2022-05-10T08:01:52.130Z,5/10/22 8:01,1652169712,2.96,26:57.7,final,ml,35.5235,-117.3873333,"27km S of Trona, CA"
0,nc,73779746,nc73779746,2022-09-09T12:56:14.690Z,9/9/22 12:56,1662728174,2.95,08:52.5,final,md,38.7891667,-122.7595,"1km NNW of The Geysers, CA"
0,nc,73758261,nc73758261,2022-07-13T16:08:16.560Z,7/13/22 16:08,1657728496,2.95,29:09.3,final,ml,36.9828333,-121.464,"10km ESE of Gilroy, CA"
0,nc,73720990,nc73720990,2022-04-20T21:49:49.140Z,4/20/22 21:49,1650491389,2.95,53:37.8,final,md,37.4133333,-118.5995,"0km SW of Round Valley, CA"
0,ci,39901543,ci39901543,2022-01-03T03:02:30.170Z,1/3/22 3:02,1641178950,2.95,36:27.3,final,ml,35.2811667,-119.3926667,"15km SSE of Buttonwillow, CA"
0,nc,73693601,nc73693601,2022-02-16T12:46:07.440Z,2/16/22 12:46,1645015567,2.94,40:40.9,final,md,35.7026667,-121.1485,"8km NNE of San Simeon, CA"
0,ci,40207704,ci40207704,2022-03-14T19:16:16.300Z,3/14/22 19:16,1647285376,2.94,12:18.4,final,ml,33.9348333,-116.6406667,"10km WNW of Garnet, CA"
0,ci,40095951,ci40095951,2022-09-04T10:45:27.810Z,9/4/22 10:45,1662288327,2.94,39:13.6,final,ml,35.637,-117.5571667,"11km E of Ridgecrest, CA"
0,nc,73780211,nc73780211,2022-09-11T02:27:31.070Z,9/11/22 2:27,1662863251,2.93,54:10.4,final,md,38.8325,-122.8076667,"7km W of Cobb, CA"
0,nc,73767120,nc73767120,2022-08-12T02:06:05.650Z,8/12/22 2:06,1660269965,2.93,46:29.5,final,ml,38.5881667,-119.459,"8km NNE of Walker, CA"
0,nc,73736586,nc73736586,2022-05-22T13:19:53.430Z,5/22/22 13:19,1653225593,2.93,06:53.9,final,md,36.8296667,-121.5553333,"2km SW of San Juan Bautista, CA"
0,nc,73721675,nc73721675,2022-04-22T11:14:24.700Z,4/22/22 11:14,1650626064,2.93,18:30.2,final,md,38.8223333,-122.8021667,"6km NW of The Geysers, CA"
0,nc,73716621,nc73716621,2022-04-10T15:49:51.190Z,4/10/22 15:49,1649605791,2.93,31:22.0,final,ml,34.7971667,-120.9676667,"41km WSW of Guadalupe, CA"
0,nc,71128289,nc71128289,2022-05-31T19:00:14.190Z,5/31/22 19:00,1654023614,2.93,28:31.1,final,ml,38.8093333,-122.8136667,"6km NW of The Geysers, CA"
0,ci,40183056,ci40183056,2022-02-11T14:21:13.660Z,2/11/22 14:21,1644589273,2.93,49:18.0,final,ml,35.9163333,-117.6876667,"20km E of Little Lake, CA"
0,uw,61844657,uw61844657,2022-06-19T15:53:48.510Z,6/19/22 15:53,1655654028,2.92,58:55.1,final,ml,47.93116667,-124.4168333,near the coast of Washington
0,nc,73780681,nc73780681,2022-09-12T05:31:30.380Z,9/12/22 5:31,1662960690,2.92,43:55.2,final,md,37.8453333,-122.2335,"2km N of Piedmont, CA"
0,nc,73780521,nc73780521,2022-09-11T21:33:20.930Z,9/11/22 21:33,1662932000,2.92,49:51.6,final,md,37.566,-118.926,"9km SSE of Mammoth Lakes, CA"
0,nc,73773940,nc73773940,2022-08-31T16:39:17.410Z,8/31/22 16:39,1661963957,2.92,11:59.7,final,md,36.8903333,-121.404,"5km N of Hollister, CA"
0,nc,73774560,nc73774560,2022-09-02T08:23:29.010Z,9/2/22 8:23,1662107009,2.91,57:16.9,final,md,36.5595,-121.1031667,"5km NE of Pinnacles, CA"
0,nc,73730186,nc73730186,2022-05-06T19:36:20.150Z,5/6/22 19:36,1651865780,2.91,43:43.5,final,md,37.3885,-118.4088333,"1km ENE of Dixon Lane-Meadow Creek, CA"
0,nc,73697136,nc73697136,2022-02-24T07:36:19.770Z,2/24/22 7:36,1645688179,2.91,53:55.5,final,md,40.3886667,-125.35,"90km W of Petrolia, CA"
0,nc,73693631,nc73693631,2022-02-16T14:21:25.120Z,2/16/22 14:21,1645021285,2.91,20:53.8,final,md,37.7313333,-122.1248333,"3km ENE of San Leandro, CA"
0,nc,73685406,nc73685406,2022-01-29T14:35:40.520Z,1/29/22 14:35,1643466940,2.91,55:35.3,final,ml,39.801,-123.184,"6km E of Covelo, CA"
0,us,7000htje,us7000htje,2022-07-26T14:46:32.380Z,7/26/22 14:46,1658846792,2.9,09:54.0,reviewed,ml,42.7706,-127.7364,"265 km W of Port Orford, Oregon"
0,us,7000hibx,us7000hibx,2022-06-18T11:05:22.661Z,6/18/22 11:05,1655550322,2.9,18:22.0,reviewed,ml,42.9116,-127.4934,"245 km W of Port Orford, Oregon"
0,us,7000gyu2,us7000gyu2,2022-03-31T22:52:30.152Z,3/31/22 22:52,1648767150,2.9,42:31.0,reviewed,ml,42.9775,-126.7902,"189 km W of Port Orford, Oregon"
0,us,6000i8av,us6000i8av,2022-08-05T06:56:07.785Z,8/5/22 6:56,1659682567,2.9,50:48.0,reviewed,ml,43.4373,-127.104,"221 km W of Bandon, Oregon"
0,us,6000hm87,us6000hm87,2022-05-19T05:34:00.000Z,5/19/22 5:34,1652938440,2.9,40:11.0,reviewed,ml,32.732,-119.5407,"132 km WSW of Avalon, California"
0,us,6000h3a5,us6000h3a5,2022-03-09T13:37:13.988Z,3/9/22 13:37,1646833033,2.9,52:25.0,reviewed,ml,40.3918,-127.4549,off the coast of Northern California
0,nn,838129,nn838129,2022-05-01T09:23:16.765Z,5/1/22 9:23,1651396996,2.9,55:55.8,reviewed,ml,38.2391,-118.735,"33 km SSW of Hawthorne, Nevada"
0,nn,836279,nn836279,2022-03-30T00:42:50.765Z,3/30/22 0:42,1648600970,2.9,39:35.7,reviewed,ml,38.1508,-117.9822,"28 km SSE of Mina, Nevada"
0,nn,832854,nn832854,2022-01-31T13:44:16.209Z,1/31/22 13:44,1643636656,2.9,11:29.7,reviewed,ml,38.1647,-117.8883,"31 km SE of Mina, Nevada"
0,nn,832225,nn832225,2022-01-22T23:51:16.834Z,1/22/22 23:51,1642895476,2.9,37:51.3,reviewed,ml,38.2505,-118.3583,"26 km SW of Mina, Nevada"
0,nn,831343,nn831343,2022-01-07T19:32:03.043Z,1/7/22 19:32,1641583923,2.9,37:29.1,reviewed,ml,38.1649,-117.8253,"35 km SE of Mina, Nevada"
0,nc,73755446,nc73755446,2022-07-06T18:51:22.790Z,7/6/22 18:51,1657133482,2.89,14:33.4,final,md,37.563,-118.8616667,"13km SE of Mammoth Lakes, CA"
0,nc,73746481,nc73746481,2022-06-16T23:56:26.780Z,6/16/22 23:56,1655423786,2.89,32:17.3,final,md,37.4108333,-118.5875,"1km ESE of Round Valley, CA"
0,nc,73715206,nc73715206,2022-04-06T23:29:46.010Z,4/6/22 23:29,1649287786,2.89,13:04.3,final,md,37.5793333,-118.8656667,"12km ESE of Mammoth Lakes, CA"
0,nc,73705586,nc73705586,2022-03-14T19:22:28.220Z,3/14/22 19:22,1647285748,2.89,10:00.5,final,md,38.7835,-122.7523333,"1km NNE of The Geysers, CA"
0,nc,73694886,nc73694886,2022-02-19T03:47:14.280Z,2/19/22 3:47,1645242434,2.89,44:09.8,final,md,37.4691667,-118.811,"16km SW of Toms Place, CA"
0,ci,40250208,ci40250208,2022-05-02T09:16:05.190Z,5/2/22 9:16,1651482965,2.89,55:45.2,final,ml,36.1976667,-118.1891667,"19km WSW of Olancha, CA"
0,nc,73717945,nc73717945,2022-04-15T17:45:41.330Z,4/15/22 17:45,1650044741,2.88,20:06.5,final,md,40.4048333,-125.5718333,"109km W of Petrolia, CA"
0,nc,73679486,nc73679486,2022-01-17T02:55:08.060Z,1/17/22 2:55,1642388108,2.88,59:24.6,final,md,40.2868333,-124.379,"9km WSW of Petrolia, CA"
0,nc,73671851,nc73671851,2022-01-01T00:27:51.990Z,1/1/22 0:27,1640996871,2.88,22:47.6,final,md,40.4771667,-124.3223333,"12km SSW of Ferndale, CA"
0,ci,40241984,ci40241984,2022-04-20T07:19:41.530Z,4/20/22 7:19,1650439181,2.88,31:08.7,final,ml,33.6698333,-119.3565,"35km NW of Santa Barbara Is., CA"
0,ci,40095991,ci40095991,2022-09-04T13:11:59.770Z,9/4/22 13:11,1662297119,2.88,27:48.3,final,ml,33.8796667,-118.4575,"4km W of Manhattan Beach, CA"
0,ci,39973479,ci39973479,2022-03-21T16:02:22.860Z,3/21/22 16:02,1647878542,2.88,43:02.6,final,ml,33.8888333,-118.755,"14km SSE of Malibu, CA"
0,nc,73774585,nc73774585,2022-09-02T08:39:12.790Z,9/2/22 8:39,1662107952,2.87,12:40.5,final,md,36.5585,-121.1023333,"5km NE of Pinnacles, CA"
0,nc,73767170,nc73767170,2022-08-12T05:22:17.210Z,8/12/22 5:22,1660281737,2.87,37:10.1,final,md,38.5808333,-119.4516667,"8km NNE of Walker, CA"
0,nc,73744941,nc73744941,2022-06-13T10:23:06.550Z,6/13/22 10:23,1655115786,2.87,35:22.2,final,md,36.4141667,-120.989,"19km SE of Pinnacles, CA"
0,nc,73740091,nc73740091,2022-06-02T14:04:01.520Z,6/2/22 14:04,1654178641,2.87,21:18.5,final,md,37.1958333,-118.2513333,"5km NE of Big Pine, CA"
0,nc,73689661,nc73689661,2022-02-07T07:47:09.080Z,2/7/22 7:47,1644220029,2.87,53:44.5,final,md,40.2898333,-124.5016667,"19km WSW of Petrolia, CA"
0,nc,73770775,nc73770775,2022-08-22T20:19:51.000Z,8/22/22 20:19,1661199591,2.86,14:53.9,final,md,36.7813333,-121.5248333,"7km S of San Juan Bautista, CA"
0,nc,73675616,nc73675616,2022-01-08T10:51:27.620Z,1/8/22 10:51,1641639087,2.86,56:04.8,final,md,39.69,-122.8685,"13km WNW of Alder Springs, CA"
0,ci,39971663,ci39971663,2022-03-18T21:48:28.880Z,3/18/22 21:48,1647640108,2.86,20:16.3,final,ml,36.4891667,-117.929,"17km SE of Lone Pine, CA"
0,ci,39910327,ci39910327,2022-01-13T03:24:53.520Z,1/13/22 3:24,1642044293,2.86,09:25.3,final,ml,33.4738333,-116.4405,"23km ESE of Anza, CA"
0,nc,73739276,nc73739276,2022-05-29T22:58:25.220Z,5/29/22 22:58,1653865105,2.85,17:44.2,final,md,40.824,-123.28,"30km WNW of Weaverville, CA"
0,nc,73690016,nc73690016,2022-02-08T13:14:57.500Z,2/8/22 13:14,1644326097,2.85,45:24.7,final,md,36.8373333,-121.5826667,"4km WSW of San Juan Bautista, CA"
0,nc,73689936,nc73689936,2022-02-08T06:51:14.480Z,2/8/22 6:51,1644303074,2.85,13:46.8,final,md,37.3256667,-117.9148333,"8km SE of Deep Springs, CA"
0,ci,39923447,ci39923447,2022-01-26T05:00:01.620Z,1/26/22 5:00,1643173201,2.85,50:43.0,final,ml,36.0251667,-117.7811667,"15km NE of Little Lake, CA"
0,uw,61856377,uw61856377,2022-07-24T08:43:00.600Z,7/24/22 8:43,1658652180,2.84,51:53.7,final,ml,45.46316667,-122.9331667,"6 km SW of Aloha, Oregon"
0,nc,73775730,nc73775730,2022-09-05T11:42:44.210Z,9/5/22 11:42,1662378164,2.84,58:03.8,final,ml,41.2746667,-125.7478333,"136km W of Trinidad, CA"
0,nc,73728751,nc73728751,2022-05-03T13:01:08.180Z,5/3/22 13:01,1651582868,2.84,35:28.1,final,md,38.8235,-122.8013333,"6km NW of The Geysers, CA"
0,nc,73702686,nc73702686,2022-03-08T03:39:46.550Z,3/8/22 3:39,1646710786,2.84,08:15.6,final,md,36.2478333,-120.8196667,"22km NE of San Lucas, CA"
0,nc,73673196,nc73673196,2022-01-03T21:39:22.250Z,1/3/22 21:39,1641245962,2.84,32:45.2,final,md,40.2761667,-124.493,"18km WSW of Petrolia, CA"
0,ci,40287104,ci40287104,2022-06-19T07:48:15.930Z,6/19/22 7:48,1655624895,2.84,08:45.5,final,ml,34.418,-119.139,"10km ESE of Ojai, CA"
0,ci,40252632,ci40252632,2022-05-05T06:01:03.340Z,5/5/22 6:01,1651730463,2.84,26:36.7,final,ml,35.3671667,-120.1806667,"16km W of Simmler, CA"
0,ci,40196616,ci40196616,2022-03-01T05:01:10.860Z,3/1/22 5:01,1646110870,2.84,09:28.0,final,ml,34.439,-119.2935,"5km WSW of Ojai, CA"
0,ci,40019951,ci40019951,2022-05-16T06:36:52.230Z,5/16/22 6:36,1652683012,2.84,02:54.5,final,ml,34.0068333,-116.4455,"7km NE of Desert Hot Springs, CA"
0,ci,39924879,ci39924879,2022-01-27T10:52:41.220Z,1/27/22 10:52,1643280761,2.84,18:26.3,final,ml,35.0398333,-118.9931667,"12km NNW of Grapevine, CA"
0,nc,73769110,nc73769110,2022-08-17T17:05:10.050Z,8/17/22 17:05,1660755910,2.83,36:27.0,final,md,38.5888333,-119.4588333,"8km NNE of Walker, CA"
0,nc,73700131,nc73700131,2022-03-02T19:10:21.150Z,3/2/22 19:10,1646248221,2.83,41:02.8,final,md,38.5778333,-119.4486667,"8km NNE of Walker, CA"
0,nc,73675266,nc73675266,2022-01-07T20:34:12.320Z,1/7/22 20:34,1641587652,2.83,51:22.6,final,md,39.6896667,-122.8743333,"14km WNW of Alder Springs, CA"
0,ci,40196656,ci40196656,2022-03-01T05:06:42.710Z,3/1/22 5:06,1646111202,2.83,39:59.5,final,ml,34.441,-119.2975,"5km W of Ojai, CA"
0,ci,40063207,ci40063207,2022-07-14T20:25:15.380Z,7/14/22 20:25,1657830315,2.83,57:48.1,final,ml,34.218,-117.5976667,"10km WSW of Lytle Creek, CA"
0,ci,39908519,ci39908519,2022-01-11T05:47:24.830Z,1/11/22 5:47,1641880044,2.83,25:30.4,final,ml,33.8083333,-118.2685,"3km SSE of Carson, CA"
0,nc,73781501,nc73781501,2022-09-14T13:06:55.030Z,9/14/22 13:06,1663160815,2.82,05:47.1,final,md,36.8216667,-121.5546667,"3km SSW of San Juan Bautista, CA"
0,nc,73768945,nc73768945,2022-08-17T04:21:11.340Z,8/17/22 4:21,1660710071,2.82,27:11.6,final,ml,36.4321667,-120.6738333,"2km N of New Idria, CA"
0,nc,73764400,nc73764400,2022-08-05T02:45:38.270Z,8/5/22 2:45,1659667538,2.82,33:09.9,final,md,36.238,-120.814,"22km ENE of San Lucas, CA"
0,nc,73750001,nc73750001,2022-06-23T16:21:06.930Z,6/23/22 16:21,1656001266,2.82,00:02.9,final,md,37.4118333,-118.5986667,"0km SSW of Round Valley, CA"
0,nc,73721640,nc73721640,2022-04-22T08:21:58.630Z,4/22/22 8:21,1650615718,2.82,18:57.1,final,md,38.7863333,-122.7635,"1km NNW of The Geysers, CA"
0,nc,73716036,nc73716036,2022-04-08T18:04:08.550Z,4/8/22 18:04,1649441048,2.82,43:20.8,final,md,35.7981667,-120.3475,"10km NNW of Cholame, CA"
0,nc,73712916,nc73712916,2022-04-01T02:28:12.940Z,4/1/22 2:28,1648780092,2.82,34:55.6,final,md,36.812,-121.542,"4km S of San Juan Bautista, CA"
0,nc,73702626,nc73702626,2022-03-08T01:13:56.920Z,3/8/22 1:13,1646702036,2.82,56:39.6,final,md,38.2285,-119.0768333,"6km WNW of Bodie, CA"
0,nc,73695371,nc73695371,2022-02-20T04:49:48.090Z,2/20/22 4:49,1645332588,2.82,34:33.2,final,md,36.9223333,-121.5218333,"9km N of San Juan Bautista, CA"
0,nc,73684846,nc73684846,2022-01-28T11:39:56.140Z,1/28/22 11:39,1643369996,2.82,24:50.0,final,md,38.457,-119.4778333,"6km S of Walker, CA"
0,nc,73674241,nc73674241,2022-01-06T01:08:38.240Z,1/6/22 1:08,1641431318,2.82,37:26.8,final,md,40.4511667,-124.3326667,"15km NNW of Petrolia, CA"
0,ci,40191736,ci40191736,2022-02-23T00:20:39.970Z,2/23/22 0:20,1645575639,2.82,47:48.9,final,ml,35.9585,-117.9803333,"7km WNW of Little Lake, CA"
0,ci,40030831,ci40030831,2022-05-31T09:02:55.860Z,5/31/22 9:02,1653987775,2.82,25:36.7,final,ml,35.889,-117.6878333,"20km ESE of Little Lake, CA"
0,uw,61850651,uw61850651,2022-06-11T23:57:36.540Z,6/11/22 23:57,1654991856,2.81,16:42.5,final,ml,47.7985,-123.342,"34 km SSW of River Road, Washington"
0,uw,61814806,uw61814806,2022-02-05T08:29:38.190Z,2/5/22 8:29,1644049778,2.81,11:32.3,final,ml,46.2445,-122.6376667,"21 km E of Castle Rock, Washington"
0,nc,73738011,nc73738011,2022-05-26T03:32:32.860Z,5/26/22 3:32,1653535952,2.81,51:14.4,final,md,37.4115,-118.59,"1km ESE of Round Valley, CA"
0,nc,73702521,nc73702521,2022-03-07T18:24:20.150Z,3/7/22 18:24,1646677460,2.81,09:55.0,final,md,38.2331667,-119.074,"6km WNW of Bodie, CA"
0,ci,39978903,ci39978903,2022-03-26T10:13:58.540Z,3/26/22 10:13,1648289638,2.81,59:51.0,final,ml,37.0676667,-117.9348333,"33km ESE of Big Pine, CA"
0,us,7000hg4d,us7000hg4d,2022-06-09T06:56:19.998Z,6/9/22 6:56,1654757779,2.8,51:44.0,reviewed,ml,43.1192,-126.6471,"180 km WNW of Port Orford, Oregon"
0,us,7000gz4k,us7000gz4k,2022-04-01T22:50:02.200Z,4/1/22 22:50,1648853402,2.8,42:37.0,reviewed,ml,43.2185,-126.7355,"188 km W of Langlois, Oregon"
0,us,7000gil3,us7000gil3,2022-02-06T22:58:35.692Z,2/6/22 22:58,1644188315,2.8,38:52.0,reviewed,ml,44.8968,-125.9378,"148 km W of Depoe Bay, Oregon"
0,us,7000gfqi,us7000gfqi,2022-01-28T01:08:15.701Z,1/28/22 1:08,1643332095,2.8,19:12.0,reviewed,ml,40.5664,-127.2876,"256 km W of Ferndale, California"
0,us,7000geh4,us7000geh4,2022-01-24T04:11:29.882Z,1/24/22 4:11,1642997489,2.8,18:56.0,reviewed,ml,41.026,-127.218,"254 km W of Ferndale, California"
0,us,6000ibmk,us6000ibmk,2022-08-17T15:55:03.522Z,8/17/22 15:55,1660751703,2.8,26:46.0,reviewed,ml,43.1677,-126.9743,"207 km W of Langlois, Oregon"
0,us,6000i3f9,us6000i3f9,2022-07-18T15:03:32.449Z,7/18/22 15:03,1658156612,2.8,57:00.0,reviewed,ml,40.4841,-127.0549,"236 km W of Ferndale, California"
0,us,6000i25p,us6000i25p,2022-07-13T18:26:43.047Z,7/13/22 18:26,1657736803,2.8,25:43.0,reviewed,ml,40.6362,-126.6788,"204 km W of Ferndale, California"
0,us,6000hmzs,us6000hmzs,2022-05-21T23:39:18.771Z,5/21/22 23:39,1653176358,2.8,50:38.0,reviewed,ml,42.9628,-126.6957,"181 km W of Port Orford, Oregon"
0,us,6000h6x7,us6000h6x7,2022-03-23T12:34:03.131Z,3/23/22 12:34,1648038843,2.8,35:27.0,reviewed,ml,42.3165,-126.663,"184 km WSW of Port Orford, Oregon"
0,us,6000h2nc,us6000h2nc,2022-03-07T03:24:28.272Z,3/7/22 3:24,1646623468,2.8,52:20.0,reviewed,ml,40.4154,-126.2733,off the coast of Northern California
0,nn,846835,nn846835,2022-09-12T04:17:33.856Z,9/12/22 4:17,1662956253,2.8,49:23.4,reviewed,ml,37.1438,-116.5993,"29 km NNE of Beatty, Nevada"
0,nn,843594,nn843594,2022-07-26T01:40:23.066Z,7/26/22 1:40,1658799623,2.8,16:26.5,reviewed,ml,37.9998,-117.9558,"38 km NNE of Dyer, Nevada"
0,nn,839963,nn839963,2022-05-31T06:53:43.354Z,5/31/22 6:53,1653980023,2.8,38:10.6,reviewed,ml,38.1232,-118.0979,"29 km S of Mina, Nevada"
0,nn,836630,nn836630,2022-04-03T16:58:16.851Z,4/3/22 16:58,1649005096,2.8,05:39.6,reviewed,ml,38.1682,-117.8203,"35 km SE of Mina, Nevada"
0,nn,835978,nn835978,2022-03-24T09:42:10.537Z,3/24/22 9:42,1648114930,2.8,40:06.8,reviewed,ml,41.9659,-119.5731,"49 km ENE of Fort Bidwell, California"
0,nn,835709,nn835709,2022-03-20T23:15:12.758Z,3/20/22 23:15,1647818112,2.8,04:22.5,reviewed,ml,38.1912,-117.7583,"37 km SE of Mina, Nevada"
0,nn,835154,nn835154,2022-03-10T03:58:42.698Z,3/10/22 3:58,1646884722,2.8,05:46.8,reviewed,ml,41.5044,-118.8022,"55 km SSW of Denio, Nevada"
0,nn,834442,nn834442,2022-02-25T20:27:20.519Z,2/25/22 20:27,1645820840,2.8,37:32.0,reviewed,ml,38.1712,-117.8852,"31 km SE of Mina, Nevada"
0,nn,832460,nn832460,2022-01-25T20:24:00.548Z,1/25/22 20:24,1643142240,2.8,39:14.5,reviewed,ml,38.1816,-117.8079,"35 km SE of Mina, Nevada"
0,nn,831039,nn831039,2022-01-05T07:26:39.794Z,1/5/22 7:26,1641367599,2.8,01:41.3,reviewed,ml,38.1688,-117.8245,"34 km SE of Mina, Nevada"
0,nc,73740491,nc73740491,2022-06-04T09:24:19.230Z,6/4/22 9:24,1654334659,2.8,57:40.3,final,md,40.4176667,-125.5623333,"109km W of Petrolia, CA"
0,nc,73704246,nc73704246,2022-03-11T17:44:30.460Z,3/11/22 17:44,1647020670,2.8,52:36.7,final,md,37.919,-122.2991667,"1km ENE of El Cerrito, CA"
0,nc,73687071,nc73687071,2022-02-02T03:50:14.760Z,2/2/22 3:50,1643773814,2.8,42:04.9,final,md,37.5181667,-118.7748333,"10km WSW of Toms Place, CA"
0,ci,40323896,ci40323896,2022-08-12T02:46:04.300Z,8/12/22 2:46,1660272364,2.8,12:16.1,final,ml,34.4333333,-116.4911667,"36km N of Yucca Valley, CA"
0,nc,73774795,nc73774795,2022-09-03T00:52:46.180Z,9/3/22 0:52,1662166366,2.79,54:34.9,final,md,37.1508333,-121.5391667,"10km NE of San Martin, CA"
0,nc,73774500,nc73774500,2022-09-02T05:00:11.200Z,9/2/22 5:00,1662094811,2.79,31:07.8,final,md,37.4326667,-118.7546667,"14km W of Round Valley, CA"
0,nc,73717600,nc73717600,2022-04-14T21:06:40.670Z,4/14/22 21:06,1649970400,2.79,24:46.9,final,md,41.1491667,-121.3868333,"11km N of McArthur, CA"
0,nc,73709221,nc73709221,2022-03-23T09:56:36.520Z,3/23/22 9:56,1648029396,2.79,58:17.0,final,md,40.1353333,-123.8245,"2km N of Redway, CA"
0,nc,73674346,nc73674346,2022-01-06T06:21:16.770Z,1/6/22 6:21,1641450076,2.79,48:28.1,final,md,40.3765,-124.7731667,"42km W of Petrolia, CA"
0,nc,73674036,nc73674036,2022-01-05T13:58:39.040Z,1/5/22 13:58,1641391119,2.79,30:25.9,final,md,40.2875,-124.5148333,"20km WSW of Petrolia, CA"
0,ci,40325536,ci40325536,2022-08-15T01:54:57.850Z,8/15/22 1:54,1660528497,2.79,46:06.3,final,ml,36.1036667,-117.8573333,"10km NE of Coso Junction, CA"
0,ci,39970455,ci39970455,2022-03-17T20:21:10.650Z,3/17/22 20:21,1647548470,2.79,57:52.8,final,ml,33.3233333,-119.1171667,"17km SSW of Santa Barbara Is., CA"
0,nc,73772825,nc73772825,2022-08-28T20:18:47.890Z,8/28/22 20:18,1661717927,2.78,58:09.7,final,md,40.3625,-125.4643333,"100km W of Petrolia, CA"
0,nc,73764286,nc73764286,2022-07-30T06:35:40.750Z,7/30/22 6:35,1659162940,2.78,34:12.9,final,md,39.025,-123.0711667,"14km W of Lakeport, CA"
0,nc,73755936,nc73755936,2022-07-07T16:37:02.130Z,7/7/22 16:37,1657211822,2.78,42:30.5,final,md,38.2281667,-119.0746667,"6km WNW of Bodie, CA"
0,nc,73755781,nc73755781,2022-07-07T09:19:06.530Z,7/7/22 9:19,1657185546,2.78,27:38.3,final,md,37.5663333,-118.9253333,"9km SSE of Mammoth Lakes, CA"
0,nc,73747896,nc73747896,2022-06-20T05:33:03.640Z,6/20/22 5:33,1655703183,2.78,36:01.8,final,md,37.6355,-118.8846667,"8km E of Mammoth Lakes, CA"
0,nc,73719900,nc73719900,2022-04-19T00:49:13.250Z,4/19/22 0:49,1650329353,2.78,12:53.9,final,md,40.4015,-125.3686667,"92km W of Petrolia, CA"
0,nc,73714286,nc73714286,2022-04-04T21:16:24.530Z,4/4/22 21:16,1649106984,2.78,16:38.6,final,md,40.4815,-124.2193333,"10km WSW of Rio Dell, CA"
0,ci,40017663,ci40017663,2022-05-13T16:28:42.500Z,5/13/22 16:28,1652459322,2.78,12:48.9,final,ml,35.6948333,-117.6081667,"10km NE of Ridgecrest, CA"
0,nc,73773385,nc73773385,2022-08-30T08:33:41.880Z,8/30/22 8:33,1661848421,2.77,24:29.3,final,md,40.3753333,-124.9411667,"56km W of Petrolia, CA"
0,nc,73747976,nc73747976,2022-06-20T08:27:36.920Z,6/20/22 8:27,1655713656,2.77,40:11.6,final,md,37.6401667,-118.8906667,"8km E of Mammoth Lakes, CA"
0,nc,73719205,nc73719205,2022-04-18T02:08:59.240Z,4/18/22 2:08,1650247739,2.77,55:23.2,final,ml,38.8053333,-122.8193333,"6km WNW of The Geysers, CA"
0,nc,73719065,nc73719065,2022-04-17T21:50:06.790Z,4/17/22 21:50,1650232206,2.77,15:56.0,final,md,40.4438333,-125.3381667,"90km W of Petrolia, CA"
0,nc,73705361,nc73705361,2022-03-14T09:44:50.870Z,3/14/22 9:44,1647251090,2.77,27:11.3,final,md,40.4425,-125.0096667,"63km WNW of Petrolia, CA"
0,nc,73685486,nc73685486,2022-01-29T18:37:31.400Z,1/29/22 18:37,1643481451,2.77,53:15.7,final,md,40.2843333,-124.3391667,"6km SW of Petrolia, CA"
0,nc,73679816,nc73679816,2022-01-17T20:42:36.000Z,1/17/22 20:42,1642452156,2.77,18:27.0,final,md,40.3046667,-124.6483333,"31km W of Petrolia, CA"
0,ci,40067623,ci40067623,2022-07-22T02:41:06.680Z,7/22/22 2:41,1658457666,2.77,45:40.6,final,ml,36.1928333,-117.816,"20km ESE of Olancha, CA"
0,nc,73760391,nc73760391,2022-07-19T00:17:06.190Z,7/19/22 0:17,1658189826,2.76,24:49.8,final,md,38.7553333,-122.7228333,"4km SW of Anderson Springs, CA"
0,nc,73732056,nc73732056,2022-05-11T07:07:26.560Z,5/11/22 7:07,1652252846,2.76,07:27.7,final,md,38.0553333,-119.2275,"14km NW of Lee Vining, CA"
0,nc,73694846,nc73694846,2022-02-19T02:24:03.980Z,2/19/22 2:24,1645237443,2.76,44:29.5,final,md,36.7936667,-121.516,"6km SSE of San Juan Bautista, CA"
0,nc,73687041,nc73687041,2022-02-02T03:14:17.470Z,2/2/22 3:14,1643771657,2.76,27:27.6,final,md,36.8676667,-121.6093333,"4km SE of Aromas, CA"
0,nc,73676346,nc73676346,2022-01-10T03:10:27.420Z,1/10/22 3:10,1641784227,2.76,58:00.4,final,ml,41.1895,-123.7946667,"7km W of Weitchpec, CA"
0,ci,39969223,ci39969223,2022-03-16T10:13:38.140Z,3/16/22 10:13,1647425618,2.76,34:41.2,final,ml,33.9906667,-117.1686667,"7km S of Redlands, CA"
0,nc,73727841,nc73727841,2022-05-01T20:52:35.390Z,5/1/22 20:52,1651438355,2.75,08:16.0,final,md,36.8575,-121.593,"5km WNW of San Juan Bautista, CA"
0,nc,73711961,nc73711961,2022-03-29T18:53:25.180Z,3/29/22 18:53,1648580005,2.75,33:56.9,final,md,38.7995,-122.7728333,"3km NNW of The Geysers, CA"
0,nc,73686036,nc73686036,2022-01-30T20:59:08.070Z,1/30/22 20:59,1643576348,2.75,41:35.3,final,ml,35.7831667,-120.3315,"8km NNW of Cholame, CA"
0,nc,73677916,nc73677916,2022-01-13T10:33:52.700Z,1/13/22 10:33,1642070032,2.75,49:20.7,final,md,40.0278333,-123.7545,"12km SSE of Redway, CA"
0,nc,73674256,nc73674256,2022-01-06T02:51:00.930Z,1/6/22 2:51,1641437460,2.75,43:57.5,final,md,40.3756667,-124.7528333,"40km W of Petrolia, CA"
0,ci,40039967,ci40039967,2022-06-14T14:58:53.300Z,6/14/22 14:58,1655218733,2.75,51:13.2,final,ml,33.7376667,-119.1521667,"31km NNW of Santa Barbara Is., CA"
0,nc,73780841,nc73780841,2022-09-12T16:12:35.900Z,9/12/22 16:12,1662999155,2.74,13:36.1,final,md,39.6043333,-120.3996667,"16km WSW of Loyalton, CA"
0,nc,73728246,nc73728246,2022-05-02T15:18:21.070Z,5/2/22 15:18,1651504701,2.74,12:35.8,final,md,41.1365,-123.7021667,"6km S of Weitchpec, CA"
0,nc,73723705,nc73723705,2022-04-26T13:51:05.160Z,4/26/22 13:51,1650981065,2.74,54:35.6,final,md,39.3263333,-120.142,"4km E of Truckee, CA"
0,nc,73723210,nc73723210,2022-04-25T15:23:20.820Z,4/25/22 15:23,1650900200,2.74,49:42.3,final,md,38.8328333,-122.8798333,"12km ENE of Cloverdale, CA"
0,nc,73719250,nc73719250,2022-04-18T02:17:52.830Z,4/18/22 2:17,1650248272,2.74,28:27.5,final,md,38.8043333,-122.8221667,"6km WNW of The Geysers, CA"
0,ci,40187488,ci40187488,2022-02-16T17:18:21.670Z,2/16/22 17:18,1645031901,2.74,47:12.9,final,ml,34.4116667,-119.1371667,"10km NW of Santa Paula, CA"
0,ci,40100063,ci40100063,2022-09-14T04:14:30.280Z,9/14/22 4:14,1663128870,2.74,08:02.5,final,ml,36.043,-117.376,"31km N of Searles Valley, CA"
0,nc,73775750,nc73775750,2022-09-05T13:40:09.430Z,9/5/22 13:40,1662385209,2.73,55:49.1,final,md,40.0238333,-123.7751667,"12km SSE of Redway, CA"
0,nc,73772835,nc73772835,2022-08-28T20:49:47.640Z,8/28/22 20:49,1661719787,2.73,31:20.5,final,md,35.806,-121.3868333,"25km NW of San Simeon, CA"
0,nc,73748171,nc73748171,2022-06-20T15:39:46.740Z,6/20/22 15:39,1655739586,2.73,58:19.3,final,ml,37.6321667,-118.8851667,"8km E of Mammoth Lakes, CA"
0,nc,73726051,nc73726051,2022-04-29T04:43:08.420Z,4/29/22 4:43,1651207388,2.73,12:28.7,final,md,36.5725,-121.12,"5km NNE of Pinnacles, CA"
0,nc,73723030,nc73723030,2022-04-25T06:18:32.570Z,4/25/22 6:18,1650867512,2.73,37:19.1,final,md,40.569,-124.334,"6km W of Ferndale, CA"
0,nc,73713976,nc73713976,2022-04-04T02:42:54.140Z,4/4/22 2:42,1649040174,2.73,40:47.6,final,md,36.6421667,-121.2656667,"16km NW of Pinnacles, CA"
0,nc,73713306,nc73713306,2022-04-02T08:55:50.130Z,4/2/22 8:55,1648889750,2.73,47:56.9,final,md,38.6265,-119.828,"8km SSW of Markleeville, CA"
0,nc,73703361,nc73703361,2022-03-09T17:54:47.110Z,3/9/22 17:54,1646848487,2.73,46:07.4,final,md,40.3945,-124.2781667,"8km N of Petrolia, CA"
0,nc,73689771,nc73689771,2022-02-07T16:38:53.850Z,2/7/22 16:38,1644251933,2.73,53:54.0,final,md,37.2921667,-121.6636667,"16km E of Seven Trees, CA"
0,ci,40289408,ci40289408,2022-06-23T00:20:24.790Z,6/23/22 0:20,1655943624,2.73,48:52.3,final,ml,33.3865,-116.4385,"16km NNW of Borrego Springs, CA"
0,ci,40241024,ci40241024,2022-04-19T13:48:06.150Z,4/19/22 13:48,1650376086,2.73,51:49.2,final,ml,35.9438333,-117.6761667,"21km E of Little Lake, CA"
0,ci,40180600,ci40180600,2022-02-09T04:05:51.690Z,2/9/22 4:05,1644379551,2.73,14:09.0,final,ml,36.1376667,-118.4408333,"42km WSW of Olancha, CA"
0,ci,40017247,ci40017247,2022-05-13T05:11:38.470Z,5/13/22 5:11,1652418698,2.73,10:11.9,final,ml,36.2231667,-117.8825,"13km ESE of Olancha, CA"
0,nc,73756806,nc73756806,2022-07-09T18:58:37.170Z,7/9/22 18:58,1657393117,2.72,21:40.1,final,md,37.4141667,-118.6045,"1km W of Round Valley, CA"
0,nc,73741131,nc73741131,2022-06-07T09:48:58.180Z,6/7/22 9:48,1654595338,2.72,43:03.2,final,md,40.2996667,-124.502,"19km W of Petrolia, CA"
0,nc,73737211,nc73737211,2022-05-23T21:49:50.720Z,5/23/22 21:49,1653342590,2.72,20:49.4,final,md,39.79,-122.0033333,"5km N of Hamilton City, CA"
0,nc,73728211,nc73728211,2022-05-02T14:19:30.890Z,5/2/22 14:19,1651501170,2.72,07:05.0,final,md,40.5781667,-124.3295,"6km W of Ferndale, CA"
0,nc,73707026,nc73707026,2022-03-18T04:53:41.370Z,3/18/22 4:53,1647579221,2.72,17:29.4,final,md,38.5243333,-119.5358333,"5km WNW of Walker, CA"
0,nc,73679391,nc73679391,2022-01-16T23:21:24.900Z,1/16/22 23:21,1642375284,2.72,27:33.5,final,md,40.434,-124.7273333,"39km WNW of Petrolia, CA"
0,ci,40248736,ci40248736,2022-04-30T00:49:18.950Z,4/30/22 0:49,1651279758,2.72,51:45.0,final,ml,33.1548333,-119.0251667,"35km S of Santa Barbara Is., CA"
0,ci,40245048,ci40245048,2022-04-24T16:42:37.980Z,4/24/22 16:42,1650818557,2.72,23:49.9,final,ml,35.6421667,-117.4541667,"15km SSW of Searles Valley, CA"
0,nc,73765685,nc73765685,2022-08-08T22:37:42.970Z,8/8/22 22:37,1659998262,2.71,22:52.5,final,md,38.5865,-119.4508333,"8km NNE of Walker, CA"
0,nc,73764571,nc73764571,2022-07-31T05:57:41.530Z,7/31/22 5:57,1659247061,2.71,18:34.7,final,md,40.7031667,-122.2858333,"8km ENE of Shasta Lake, CA"
0,nc,73764030,nc73764030,2022-08-04T14:31:39.810Z,8/4/22 14:31,1659623499,2.71,45:22.2,final,md,40.4001667,-124.7468333,"40km WNW of Petrolia, CA"
0,nc,73734681,nc73734681,2022-05-16T16:24:43.590Z,5/16/22 16:24,1652718283,2.71,36:59.6,final,md,40.3835,-124.6603333,"32km WNW of Petrolia, CA"
0,nc,73726571,nc73726571,2022-04-30T18:18:21.940Z,4/30/22 18:18,1651342701,2.71,01:31.1,final,md,38.8136667,-122.8003333,"6km NW of The Geysers, CA"
0,nc,73713056,nc73713056,2022-04-01T14:04:29.480Z,4/1/22 14:04,1648821869,2.71,54:59.8,final,md,38.7486667,-122.7295,"4km SE of The Geysers, CA"
0,nc,73707656,nc73707656,2022-03-19T11:04:50.830Z,3/19/22 11:04,1647687890,2.71,49:33.2,final,md,38.5206667,-119.5305,"4km W of Walker, CA"
0,nc,73693441,nc73693441,2022-02-16T02:10:03.750Z,2/16/22 2:10,1644977403,2.71,44:52.2,final,md,40.6161667,-122.4296667,"6km ENE of Shasta, CA"
0,nc,73680281,nc73680281,2022-01-18T16:50:25.330Z,1/18/22 16:50,1642524625,2.71,03:31.7,final,md,40.3806667,-124.769,"42km W of Petrolia, CA"
0,nc,73676581,nc73676581,2022-01-10T16:48:25.320Z,1/10/22 16:48,1641833305,2.71,00:09.0,final,md,40.3688333,-124.7571667,"40km W of Petrolia, CA"
0,uw,61835187,uw61835187,2022-05-25T10:38:07.350Z,5/25/22 10:38,1653475087,2.7,47:45.2,final,ml,45.17016667,-122.6256667,"4 km WNW of Molalla, Oregon"
0,us,7000i7sx,us7000i7sx,2022-09-13T23:56:22.352Z,9/13/22 23:56,1663113382,2.7,00:34.0,confirmed,ml,43.0492,-127.8832,"278 km W of Port Orford, Oregon"
0,us,7000hkcw,us7000hkcw,2022-06-26T10:11:32.070Z,6/26/22 10:11,1656238292,2.7,03:40.0,reviewed,ml,40.8659,-127.35,"262 km W of Ferndale, California"
0,us,7000gfgl,us7000gfgl,2022-01-27T04:24:55.092Z,1/27/22 4:24,1643257495,2.7,19:09.0,reviewed,ml,42.4767,-126.3716,"156 km WSW of Port Orford, Oregon"
0,us,6000i8y3,us6000i8y3,2022-08-07T19:57:54.909Z,8/7/22 19:57,1659902274,2.7,18:56.0,reviewed,ml,42.2603,-126.8709,"202 km WSW of Port Orford, Oregon"
0,us,6000i80c,us6000i80c,2022-08-04T11:43:16.868Z,8/4/22 11:43,1659613396,2.7,50:32.0,reviewed,ml,45.0921,-116.5479,"24 km WNW of New Meadows, Idaho"
0,us,6000i7dj,us6000i7dj,2022-08-02T06:24:08.776Z,8/2/22 6:24,1659421448,2.7,49:50.0,reviewed,ml,40.3618,-127.2363,"253 km W of Ferndale, California"
0,us,6000h1zw,us6000h1zw,2022-03-04T07:57:56.835Z,3/4/22 7:57,1646380676,2.7,32:50.0,reviewed,ml,40.364,-125.8968,"140 km W of Ferndale, California"
0,us,6000h1nv,us6000h1nv,2022-03-03T08:21:10.141Z,3/3/22 8:21,1646295670,2.7,32:45.0,reviewed,ml,41.4716,-126.2991,"177 km W of Crescent City, California"
0,nn,846520,nn846520,2022-09-07T03:21:19.599Z,9/7/22 3:21,1662520879,2.7,01:27.0,reviewed,ml,38.1221,-118.0538,"30 km S of Mina, Nevada"
0,nn,845822,nn845822,2022-08-25T11:58:26.139Z,8/25/22 11:58,1661428706,2.7,14:44.8,reviewed,ml,41.1385,-116.7302,"50 km NE of Valmy, Nevada"
0,nn,843952,nn843952,2022-08-01T20:21:48.319Z,8/1/22 20:21,1659385308,2.7,17:35.2,reviewed,ml,40.1642,-119.6284,"23 km N of Sutcliffe, Nevada"
0,nn,842966,nn842966,2022-07-15T13:02:41.705Z,7/15/22 13:02,1657890161,2.7,37:19.0,reviewed,ml,38.1875,-118.1698,"23 km SSW of Mina, Nevada"
0,nn,839616,nn839616,2022-05-25T21:26:39.646Z,5/25/22 21:26,1653513999,2.7,40:19.0,reviewed,ml,38.2476,-118.3574,"26 km SW of Mina, Nevada"
0,nn,839442,nn839442,2022-05-24T12:12:48.925Z,5/24/22 12:12,1653394368,2.7,05:22.7,reviewed,ml,38.1671,-117.9031,"30 km SE of Mina, Nevada"
0,nn,838659,nn838659,2022-05-10T22:49:33.595Z,5/10/22 22:49,1652222973,2.7,39:19.5,reviewed,ml,39.5888,-116.7624,"28 km ENE of Austin, Nevada"
0,nn,837584,nn837584,2022-04-21T03:26:07.889Z,4/21/22 3:26,1650511567,2.7,12:57.9,reviewed,ml,38.1649,-117.8991,"31 km SE of Mina, Nevada"
0,nn,835935,nn835935,2022-03-24T14:53:24.687Z,3/24/22 14:53,1648133604,2.7,39:38.5,reviewed,ml,41.9645,-119.5887,"48 km ENE of Fort Bidwell, California"
0,nn,834080,nn834080,2022-02-18T05:32:12.402Z,2/18/22 5:32,1645162332,2.7,10:29.5,reviewed,ml,38.1638,-117.9147,"30 km SE of Mina, Nevada"
0,nc,73773725,nc73773725,2022-08-31T02:45:13.540Z,8/31/22 2:45,1661913913,2.7,36:45.3,final,md,39.7498333,-121.8515,"2km NW of Chico, CA"
0,nc,73767930,nc73767930,2022-08-14T08:35:37.230Z,8/14/22 8:35,1660466137,2.7,46:14.6,final,md,40.3441667,-124.3655,"7km WNW of Petrolia, CA"
0,nc,73766710,nc73766710,2022-08-11T05:13:18.310Z,8/11/22 5:13,1660194798,2.7,07:00.9,final,md,40.483,-124.7926667,"46km WSW of Ferndale, CA"
0,nc,73765695,nc73765695,2022-08-08T23:36:42.970Z,8/8/22 23:36,1660001802,2.7,33:55.9,final,md,38.5756667,-119.4533333,"7km NNE of Walker, CA"
0,nc,73764870,nc73764870,2022-08-06T18:18:45.470Z,8/6/22 18:18,1659809925,2.7,34:12.7,final,md,36.7695,-121.28,"4km ESE of Tres Pinos, CA"
0,nc,73763836,nc73763836,2022-07-28T20:49:33.570Z,7/28/22 20:49,1659041373,2.7,56:15.8,final,md,40.4671667,-124.7866667,"45km WNW of Petrolia, CA"
0,nc,73744471,nc73744471,2022-06-12T18:28:44.590Z,6/12/22 18:28,1655058524,2.7,12:59.7,final,md,36.342,-120.9146667,"23km WSW of New Idria, CA"
0,nc,73685401,nc73685401,2022-01-29T14:21:02.100Z,1/29/22 14:21,1643466062,2.7,11:49.3,final,md,40.3178333,-124.6508333,"31km W of Petrolia, CA"
0,ci,40293664,ci40293664,2022-06-29T15:37:39.060Z,6/29/22 15:37,1656517059,2.7,51:15.6,final,ml,34.3358333,-119.2046667,"7km NNE of Ventura, CA"
0,ci,40254184,ci40254184,2022-05-07T12:16:22.990Z,5/7/22 12:16,1651925782,2.7,24:49.6,final,ml,35.5283333,-118.5115,"7km SSW of Bodfish, CA"
0,ci,40238472,ci40238472,2022-04-16T21:10:58.870Z,4/16/22 21:10,1650143458,2.7,47:31.7,final,ml,36.0411667,-117.576,"32km ENE of Little Lake, CA"
0,ci,40238416,ci40238416,2022-04-16T19:34:23.740Z,4/16/22 19:34,1650137663,2.7,21:12.7,final,ml,37.0725,-117.9308333,"33km ESE of Big Pine, CA"
0,ci,40024535,ci40024535,2022-05-23T10:32:50.250Z,5/23/22 10:32,1653301970,2.7,35:33.6,final,ml,34.4101667,-119.4113333,"10km E of Carpinteria, CA"
0,ci,40022359,ci40022359,2022-05-19T12:52:00.230Z,5/19/22 12:52,1652964720,2.7,23:04.2,final,ml,33.5018333,-116.504,"17km ESE of Anza, CA"
0,nc,73781151,nc73781151,2022-09-13T15:24:37.250Z,9/13/22 15:24,1663082677,2.69,35:16.0,final,md,37.1288333,-121.5245,"9km ENE of San Martin, CA"
0,nc,73764871,nc73764871,2022-07-31T23:38:33.690Z,7/31/22 23:38,1659310713,2.69,39:41.3,final,md,40.5706667,-125.0858333,"69km W of Ferndale, CA"
0,nc,73727816,nc73727816,2022-05-01T20:22:01.330Z,5/1/22 20:22,1651436521,2.69,33:42.3,final,md,36.8575,-121.5958333,"5km WNW of San Juan Bautista, CA"
0,nc,73701916,nc73701916,2022-03-06T04:19:55.990Z,3/6/22 4:19,1646540395,2.69,36:53.7,final,md,38.7798333,-122.745,"1km ENE of The Geysers, CA"
0,nc,73682276,nc73682276,2022-01-23T16:57:43.060Z,1/23/22 16:57,1642957063,2.69,00:36.7,final,md,36.6675,-121.2675,"14km SSE of Tres Pinos, CA"
0,nc,73678776,nc73678776,2022-01-15T13:10:58.400Z,1/15/22 13:10,1642252258,2.69,48:23.4,final,md,40.38,-124.293,"6km N of Petrolia, CA"
0,ci,40302584,ci40302584,2022-07-12T18:29:04.760Z,7/12/22 18:29,1657650544,2.69,54:07.6,final,ml,35.793,-117.6045,"18km W of Searles Valley, CA"
0,nc,73752776,nc73752776,2022-06-30T04:30:30.370Z,6/30/22 4:30,1656563430,2.68,05:34.7,final,md,37.262,-121.6373333,"15km N of Morgan Hill, CA"
0,nc,73747016,nc73747016,2022-06-18T11:22:49.660Z,6/18/22 11:22,1655551369,2.68,24:50.1,final,md,40.5938333,-124.175,"2km WSW of Fortuna, CA"
0,nc,73741501,nc73741501,2022-06-08T12:59:47.790Z,6/8/22 12:59,1654693187,2.68,37:46.1,final,md,36.5448333,-121.1366667,"2km NNE of Pinnacles, CA"
0,nc,73719475,nc73719475,2022-04-18T05:49:53.480Z,4/18/22 5:49,1650260993,2.68,37:27.1,final,md,41.2768333,-123.9311667,"21km WNW of Weitchpec, CA"
0,nc,73708841,nc73708841,2022-03-22T16:35:40.080Z,3/22/22 16:35,1647966940,2.68,18:50.0,final,md,38.8035,-122.7916667,"4km NW of The Geysers, CA"
0,nc,73699581,nc73699581,2022-03-01T16:51:12.230Z,3/1/22 16:51,1646153472,2.68,17:05.1,final,md,37.1243333,-121.9951667,"5km SSW of Lexington Hills, CA"
0,nc,73683766,nc73683766,2022-01-27T22:07:58.380Z,1/27/22 22:07,1643321278,2.68,28:13.5,final,md,40.477,-124.3208333,"12km SSW of Ferndale, CA"
0,nc,73682211,nc73682211,2022-01-23T09:42:49.980Z,1/23/22 9:42,1642930969,2.68,14:15.1,final,md,40.299,-124.5516667,"23km W of Petrolia, CA"
0,nc,73672071,nc73672071,2022-01-01T09:48:40.700Z,1/1/22 9:48,1641030520,2.68,27:02.6,final,md,38.1096667,-118.9556667,"12km SSE of Bodie, CA"
0,ci,40099991,ci40099991,2022-09-14T01:23:36.000Z,9/14/22 1:23,1663118616,2.68,24:37.7,final,ml,35.2793333,-119.391,"15km SSE of Buttonwillow, CA"
0,nc,73781611,nc73781611,2022-09-14T18:55:06.140Z,9/14/22 18:55,1663181706,2.67,20:21.5,final,md,38.2855,-122.4135,"4km E of Sonoma, CA"
0,nc,73740866,nc73740866,2022-06-05T20:09:09.100Z,6/5/22 20:09,1654459749,2.67,56:14.0,final,md,38.7776667,-122.6258333,"3km NNW of Middletown, CA"
0,nc,73713561,nc73713561,2022-04-03T00:25:06.630Z,4/3/22 0:25,1648945506,2.67,03:24.6,final,md,36.7981667,-120.7465,"20km SSW of South Dos Palos, CA"
0,nc,73699016,nc73699016,2022-02-28T15:55:35.850Z,2/28/22 15:55,1646063735,2.67,22:36.9,final,md,40.3873333,-124.9603333,"58km W of Petrolia, CA"
0,nc,73672011,nc73672011,2022-01-01T08:33:48.700Z,1/1/22 8:33,1641026028,2.67,24:24.9,final,md,38.7745,-122.728,"2km E of The Geysers, CA"
0,ci,40300752,ci40300752,2022-07-09T18:25:43.470Z,7/9/22 18:25,1657391143,2.67,57:38.8,final,ml,34.275,-120.0095,"21km SW of Isla Vista, CA"
0,ci,40064983,ci40064983,2022-07-17T06:23:50.970Z,7/17/22 6:23,1658039030,2.67,08:52.0,final,ml,33.4225,-118.0136667,"23km SSW of Newport Beach, CA"
0,ci,39923559,ci39923559,2022-01-26T06:23:11.800Z,1/26/22 6:23,1643178191,2.67,59:14.6,final,ml,32.9071667,-118.6475,"14km SSW of San Clemente Is. (NW tip), CA"
0,nc,73774045,nc73774045,2022-08-31T23:28:49.720Z,8/31/22 23:28,1661988529,2.66,56:13.4,final,md,37.6675,-119.4313333,"15km ESE of Yosemite Valley, CA"
0,nc,73764346,nc73764346,2022-07-30T10:13:11.940Z,7/30/22 10:13,1659175991,2.66,31:25.9,final,md,40.3883333,-124.8945,"52km W of Petrolia, CA"
0,nc,73763136,nc73763136,2022-07-26T21:59:03.640Z,7/26/22 21:59,1658872743,2.66,24:10.3,final,md,40.292,-124.3845,"9km WSW of Petrolia, CA"
0,nc,73728746,nc73728746,2022-05-03T12:59:14.720Z,5/3/22 12:59,1651582754,2.66,50:24.5,final,md,38.824,-122.8008333,"6km NW of The Geysers, CA"
0,nc,73726291,nc73726291,2022-04-29T21:30:28.210Z,4/29/22 21:30,1651267828,2.66,53:39.0,final,md,37.992,-121.8908333,"4km S of Pittsburg, CA"
0,nc,73725601,nc73725601,2022-04-28T10:34:18.150Z,4/28/22 10:34,1651142058,2.66,21:54.6,final,md,40.788,-122.6485,"9km N of French Gulch, CA"
0,nc,73694996,nc73694996,2022-02-19T07:35:26.950Z,2/19/22 7:35,1645256126,2.66,03:36.6,final,md,38.0868333,-118.7413333,"27km ESE of Bodie, CA"
0,nc,73682591,nc73682591,2022-01-25T04:41:48.530Z,1/25/22 4:41,1643085708,2.66,21:35.3,final,md,40.3263333,-124.6531667,"31km W of Petrolia, CA"
0,nc,73674491,nc73674491,2022-01-06T14:18:18.760Z,1/6/22 14:18,1641478698,2.66,53:58.7,final,md,40.3688333,-124.7486667,"40km W of Petrolia, CA"
0,ci,40295976,ci40295976,2022-07-03T19:56:40.100Z,7/3/22 19:56,1656878200,2.66,19:24.7,final,ml,35.0841667,-119.1375,"24km E of Maricopa, CA"
0,ci,40020279,ci40020279,2022-05-16T15:36:38.810Z,5/16/22 15:36,1652715398,2.66,43:30.2,final,ml,35.6433333,-118.32,"14km ENE of Lake Isabella, CA"
0,uw,61840137,uw61840137,2022-06-07T01:58:28.720Z,6/7/22 1:58,1654567108,2.65,52:53.0,final,ml,45.622,-122.4558333,"3 km SE of Mill Plain, Washington"
0,nc,73771630,nc73771630,2022-08-25T06:59:29.220Z,8/25/22 6:59,1661410769,2.65,35:52.4,final,ml,40.9263333,-125.9171667,"145km WNW of Ferndale, CA"
0,nc,73770465,nc73770465,2022-08-21T18:37:46.790Z,8/21/22 18:37,1661107066,2.65,00:34.6,final,md,38.5748333,-119.4496667,"7km NNE of Walker, CA"
0,nc,73766140,nc73766140,2022-08-10T02:38:27.850Z,8/10/22 2:38,1660099107,2.65,13:42.1,final,md,36.5558333,-121.1313333,"3km NNE of Pinnacles, CA"
0,nc,73753046,nc73753046,2022-07-01T01:40:51.590Z,7/1/22 1:40,1656639651,2.65,54:59.7,final,md,40.374,-124.3055,"6km NNW of Petrolia, CA"
0,nc,73748176,nc73748176,2022-06-20T15:39:22.800Z,6/20/22 15:39,1655739562,2.65,45:48.0,final,md,37.6316667,-118.8815,"9km E of Mammoth Lakes, CA"
0,nc,73712886,nc73712886,2022-04-01T00:58:29.410Z,4/1/22 0:58,1648774709,2.65,55:43.4,final,md,36.8083333,-121.5396667,"4km S of San Juan Bautista, CA"
0,nc,73710256,nc73710256,2022-03-25T16:23:51.840Z,3/25/22 16:23,1648225431,2.65,18:24.5,final,md,38.5188333,-119.5386667,"5km W of Walker, CA"
0,nc,73687186,nc73687186,2022-02-02T07:45:52.030Z,2/2/22 7:45,1643787952,2.65,42:14.3,final,md,37.5176667,-118.7743333,"10km WSW of Toms Place, CA"
0,nc,73673066,nc73673066,2022-01-03T10:22:03.880Z,1/3/22 10:22,1641205323,2.65,34:19.2,final,md,40.2893333,-124.4545,"15km WSW of Petrolia, CA"
0,ci,40190688,ci40190688,2022-02-20T20:49:31.870Z,2/20/22 20:49,1645390171,2.65,25:46.1,final,ml,34.0348333,-117.1866667,"2km S of Redlands, CA"
0,ci,39915175,ci39915175,2022-01-18T03:56:22.820Z,1/18/22 3:56,1642478182,2.65,03:42.6,final,ml,34.5106667,-120.6706667,"24km SW of Lompoc, CA"
0,uw,61854526,uw61854526,2022-06-24T07:12:13.420Z,6/24/22 7:12,1656054733,2.64,04:41.4,final,ml,47.834,-122.9331667,"4 km WNW of Quilcene, Washington"
0,nc,73748191,nc73748191,2022-06-20T15:43:06.790Z,6/20/22 15:43,1655739786,2.64,12:01.9,final,md,37.6315,-118.8805,"9km E of Mammoth Lakes, CA"
0,nc,73746091,nc73746091,2022-06-16T08:48:56.620Z,6/16/22 8:48,1655369336,2.64,54:09.5,final,md,38.8281667,-122.7983333,"7km W of Cobb, CA"
0,nc,73696721,nc73696721,2022-02-23T08:29:08.310Z,2/23/22 8:29,1645604948,2.64,19:07.6,final,md,40.7488333,-124.4396667,"21km W of Humboldt Hill, CA"
0,nc,73684951,nc73684951,2022-01-28T18:45:06.020Z,1/28/22 18:45,1643395506,2.64,15:29.8,final,md,36.0826667,-120.0695,"10km NNE of Avenal, CA"
0,nc,73682196,nc73682196,2022-01-23T08:23:08.630Z,1/23/22 8:23,1642926188,2.64,14:45.3,final,md,40.3091667,-124.5921667,"26km W of Petrolia, CA"
0,nc,73681331,nc73681331,2022-01-21T04:55:54.580Z,1/21/22 4:55,1642740954,2.64,52:57.7,final,md,40.2981667,-124.5875,"26km W of Petrolia, CA"
0,ci,40182600,ci40182600,2022-02-11T00:35:46.380Z,2/11/22 0:35,1644539746,2.64,20:16.9,final,ml,34.4205,-119.1346667,"10km NW of Santa Paula, CA"
0,ci,40180552,ci40180552,2022-02-09T01:47:42.470Z,2/9/22 1:47,1644371262,2.64,05:54.9,final,ml,35.9861667,-117.675,"22km ENE of Little Lake, CA"
0,nc,73776525,nc73776525,2022-09-07T21:13:31.070Z,9/7/22 21:13,1662585211,2.63,41:53.4,final,md,36.5603333,-121.1541667,"3km NNW of Pinnacles, CA"
0,nc,73775910,nc73775910,2022-09-06T02:00:46.790Z,9/6/22 2:00,1662429646,2.63,02:18.9,final,md,35.9285,-120.701,"12km NE of Bradley, CA"
0,nc,73761961,nc73761961,2022-07-23T12:22:03.800Z,7/23/22 12:22,1658578923,2.63,24:10.6,final,md,36.5913333,-121.195,"8km NW of Pinnacles, CA"
0,nc,73736091,nc73736091,2022-05-20T22:11:27.220Z,5/20/22 22:11,1653084687,2.63,47:02.8,final,md,40.3743333,-124.8918333,"52km W of Petrolia, CA"
0,nc,73708346,nc73708346,2022-03-21T08:31:58.570Z,3/21/22 8:31,1647851518,2.63,16:00.3,final,md,40.7213333,-124.0215,"11km E of Pine Hills, CA"
0,nc,73690306,nc73690306,2022-02-09T03:09:35.100Z,2/9/22 3:09,1644376175,2.63,04:51.8,final,md,41.345,-123.5148333,"5km SW of Somes Bar, CA"
0,nc,73685556,nc73685556,2022-01-29T21:46:34.080Z,1/29/22 21:46,1643492794,2.63,56:46.3,final,md,40.5511667,-123.8431667,"22km E of Hydesville, CA"
0,ci,40253800,ci40253800,2022-05-06T19:24:47.770Z,5/6/22 19:24,1651865087,2.63,56:45.1,final,ml,33.9835,-116.662,"10km SW of Morongo Valley, CA"
0,ci,40185360,ci40185360,2022-02-14T11:09:59.050Z,2/14/22 11:09,1644836999,2.63,46:55.0,final,ml,35.6595,-117.5335,"14km ENE of Ridgecrest, CA"
0,ci,40024007,ci40024007,2022-05-22T08:26:23.880Z,5/22/22 8:26,1653207983,2.63,41:47.0,final,ml,34.9223333,-119.0171667,"8km WSW of Grapevine, CA"
0,nc,73753546,nc73753546,2022-07-02T15:57:26.040Z,7/2/22 15:57,1656777446,2.62,04:32.4,final,md,40.2941667,-124.669,"33km W of Petrolia, CA"
0,nc,73741011,nc73741011,2022-06-06T16:05:32.550Z,6/6/22 16:05,1654531532,2.62,31:17.0,final,md,38.7456667,-122.7141667,"4km SSW of Anderson Springs, CA"
0,nc,73726266,nc73726266,2022-04-29T19:53:01.350Z,4/29/22 19:53,1651261981,2.62,46:43.2,final,md,41.6835,-120.0893333,"18km NNE of Cedarville, CA"
0,nc,73707031,nc73707031,2022-03-18T04:55:08.510Z,3/18/22 4:55,1647579308,2.62,27:00.3,final,md,38.5215,-119.5306667,"4km W of Walker, CA"
0,ci,40021831,ci40021831,2022-05-18T15:47:52.730Z,5/18/22 15:47,1652888872,2.62,09:49.5,final,ml,36.4608333,-116.9495,"9km W of Furnace Creek, CA"
0,ci,39983615,ci39983615,2022-04-01T13:14:37.370Z,4/1/22 13:14,1648818877,2.62,03:05.9,final,ml,36.0003333,-117.325,"27km N of Trona, CA"
0,uw,61814392,uw61814392,2022-03-18T16:21:55.120Z,3/18/22 16:21,1647620515,2.61,35:38.6,final,ml,44.54266667,-122.547,"16 km ESE of Lacomb, Oregon"
0,nc,73765710,nc73765710,2022-08-09T00:12:43.790Z,8/9/22 0:12,1660003963,2.61,37:56.8,final,md,38.5813333,-119.4635,"8km N of Walker, CA"
0,nc,73756056,nc73756056,2022-07-08T00:50:19.730Z,7/8/22 0:50,1657241419,2.61,26:15.2,final,md,36.2465,-120.8255,"22km NE of San Lucas, CA"
0,nc,73747021,nc73747021,2022-06-18T11:43:09.620Z,6/18/22 11:43,1655552589,2.61,29:50.8,final,md,40.393,-124.4445,"16km WNW of Petrolia, CA"
0,nc,73736866,nc73736866,2022-05-22T23:40:28.870Z,5/22/22 23:40,1653262828,2.61,14:19.9,final,md,38.5181667,-119.5231667,"4km W of Walker, CA"
0,nc,73735931,nc73735931,2022-05-20T08:16:49.080Z,5/20/22 8:16,1653034609,2.61,57:18.3,final,md,37.9438333,-118.5413333,"40km S of Qualeys Camp, NV"
0,nc,73717790,nc73717790,2022-04-15T10:38:29.380Z,4/15/22 10:38,1650019109,2.61,22:21.7,final,md,36.0181667,-120.062,"6km ENE of Avenal, CA"
0,nc,73710541,nc73710541,2022-03-26T11:32:23.820Z,3/26/22 11:32,1648294343,2.61,21:54.6,final,md,35.9705,-120.2005,"7km WSW of Avenal, CA"
0,nc,73707556,nc73707556,2022-03-19T06:01:29.970Z,3/19/22 6:01,1647669689,2.61,54:23.3,final,md,36.9731667,-121.627,"6km SW of Gilroy, CA"
0,nc,73697236,nc73697236,2022-02-24T13:09:20.320Z,2/24/22 13:09,1645708160,2.61,07:45.2,final,md,38.8235,-122.7965,"6km NW of The Geysers, CA"
0,nc,73677651,nc73677651,2022-01-12T22:44:50.630Z,1/12/22 22:44,1642027490,2.61,37:52.2,final,md,40.4398333,-124.2275,"12km WSW of Rio Dell, CA"
0,nc,73673706,nc73673706,2022-01-04T20:28:54.410Z,1/4/22 20:28,1641328134,2.61,31:14.3,final,md,37.4366667,-118.4995,"9km ENE of Round Valley, CA"
0,ci,40325296,ci40325296,2022-08-14T11:14:22.330Z,8/14/22 11:14,1660475662,2.61,57:03.5,final,ml,36.8255,-117.4605,"37km NW of Stovepipe Wells, CA"
0,ci,40196752,ci40196752,2022-03-01T06:34:09.970Z,3/1/22 6:34,1646116449,2.61,27:43.2,final,ml,34.4333333,-119.2936667,"5km WSW of Ojai, CA"
0,ci,39974975,ci39974975,2022-03-23T01:58:44.750Z,3/23/22 1:58,1648000724,2.61,53:42.9,final,ml,34.291,-118.4318333,"1km ENE of San Fernando, CA"
0,ci,37387020,ci37387020,2022-02-03T15:18:32.540Z,2/3/22 15:18,1643901512,2.61,09:52.8,final,ml,34.1328333,-117.4813333,"4km NNW of Fontana, CA"
0,us,6000i8ma,us6000i8ma,2022-08-06T10:52:35.548Z,8/6/22 10:52,1659783155,2.6,18:26.0,reviewed,ml,41.3344,-126.008,"157 km WSW of Crescent City, California"
0,us,6000i7tr,us6000i7tr,2022-08-03T19:47:11.474Z,8/3/22 19:47,1659556031,2.6,50:18.0,reviewed,ml,42.4156,-126.2632,"149 km WSW of Port Orford, Oregon"
0,us,6000i1lh,us6000i1lh,2022-07-11T18:24:26.073Z,7/11/22 18:24,1657563866,2.6,25:55.0,reviewed,ml,42.3453,-126.8461,"197 km WSW of Port Orford, Oregon"
0,us,6000i0dq,us6000i0dq,2022-07-06T22:02:48.946Z,7/6/22 22:02,1657144968,2.6,23:14.0,reviewed,ml,40.4248,-126.0314,off the coast of Northern California
0,us,6000hlts,us6000hlts,2022-05-17T15:44:25.672Z,5/17/22 15:44,1652802265,2.6,39:32.0,reviewed,ml,41.392,-126.0818,"161 km WSW of Crescent City, California"
0,nn,845098,nn845098,2022-08-16T03:23:05.116Z,8/16/22 3:23,1660620185,2.6,39:42.0,reviewed,ml,39.5744,-119.0905,"14 km ESE of Fernley, Nevada"
0,nn,843876,nn843876,2022-07-31T02:17:50.863Z,7/31/22 2:17,1659233870,2.6,26:12.3,reviewed,ml,38.8389,-118.3404,"36 km W of Gabbs, Nevada"
0,nn,838515,nn838515,2022-05-08T14:49:05.409Z,5/8/22 14:49,1652021345,2.6,31:49.3,reviewed,ml,39.632,-116.937,"19 km NE of Austin, Nevada"
0,nn,836401,nn836401,2022-03-31T03:33:13.425Z,3/31/22 3:33,1648697593,2.6,08:33.5,reviewed,ml,38.2042,-117.8746,"29 km SE of Mina, Nevada"
0,nn,836357,nn836357,2022-03-30T21:05:17.191Z,3/30/22 21:05,1648674317,2.6,40:00.4,reviewed,ml,39.9787,-119.5704,"4 km NE of Sutcliffe, Nevada"
0,nn,835467,nn835467,2022-03-16T22:50:05.380Z,3/16/22 22:50,1647471005,2.6,38:49.3,reviewed,ml,38.9283,-118.7644,"4 km ESE of Schurz, Nevada"
0,nn,834472,nn834472,2022-02-26T00:49:19.227Z,2/26/22 0:49,1645836559,2.6,16:17.3,reviewed,ml,38.1722,-117.8531,"32 km SE of Mina, Nevada"
0,nn,833909,nn833909,2022-02-15T21:35:58.537Z,2/15/22 21:35,1644960958,2.6,53:35.5,reviewed,ml,38.1841,-117.7763,"37 km SE of Mina, Nevada"
0,nn,831032,nn831032,2022-01-05T07:20:55.658Z,1/5/22 7:20,1641367255,2.6,27:28.0,reviewed,ml,38.1764,-117.8141,"35 km SE of Mina, Nevada"
0,nc,73758651,nc73758651,2022-07-14T20:11:42.950Z,7/14/22 20:11,1657829502,2.6,10:42.8,final,ml,38.577,-119.4613333,"7km NNE of Walker, CA"
0,nc,73731161,nc73731161,2022-05-09T09:26:07.620Z,5/9/22 9:26,1652088367,2.6,57:40.1,final,md,37.38,-118.7981667,"18km WSW of Round Valley, CA"
0,nc,73729071,nc73729071,2022-05-04T01:12:16.730Z,5/4/22 1:12,1651626736,2.6,06:32.2,final,md,37.503,-121.622,"24km NE of Alum Rock, CA"
0,nc,73716606,nc73716606,2022-04-10T13:03:15.120Z,4/10/22 13:03,1649595795,2.6,11:10.2,final,md,40.286,-124.4603333,"16km WSW of Petrolia, CA"
0,nc,73707451,nc73707451,2022-03-19T00:02:48.990Z,3/19/22 0:02,1647648168,2.6,32:59.5,final,md,38.5181667,-119.5446667,"6km W of Walker, CA"
0,nc,73705266,nc73705266,2022-03-14T04:31:07.290Z,3/14/22 4:31,1647232267,2.6,55:18.7,final,md,36.5751667,-121.1868333,"6km NW of Pinnacles, CA"
0,nc,73689741,nc73689741,2022-02-07T14:35:49.930Z,2/7/22 14:35,1644244549,2.6,00:15.1,final,md,40.2876667,-124.5006667,"19km WSW of Petrolia, CA"
0,nc,73673491,nc73673491,2022-01-04T11:18:29.210Z,1/4/22 11:18,1641295109,2.6,31:39.7,final,mh,37.6643333,-122.4705,"2km SW of Colma, CA"
0,ci,40301944,ci40301944,2022-07-11T17:45:56.580Z,7/11/22 17:45,1657561556,2.6,34:34.0,final,ml,35.6025,-117.4041667,"18km S of Trona, CA"
0,ci,40099295,ci40099295,2022-09-12T14:35:56.610Z,9/12/22 14:35,1662993356,2.6,51:54.3,final,ml,34.2053333,-118.5978333,"1km NE of Canoga Park, CA"
0,nc,73770065,nc73770065,2022-08-20T15:03:52.170Z,8/20/22 15:03,1661007832,2.59,10:34.1,final,md,38.8398333,-122.8216667,"9km WNW of Cobb, CA"
0,nc,73751651,nc73751651,2022-06-27T14:44:42.590Z,6/27/22 14:44,1656341082,2.59,41:00.5,final,md,40.602,-123.2185,"6km NNW of Hayfork, CA"
0,nc,73720115,nc73720115,2022-04-19T11:31:04.590Z,4/19/22 11:31,1650367864,2.59,10:01.9,final,md,40.284,-124.7001667,"36km W of Petrolia, CA"
0,nc,73719600,nc73719600,2022-04-18T11:38:56.580Z,4/18/22 11:38,1650281936,2.59,54:58.8,final,md,36.9711667,-121.6291667,"7km SW of Gilroy, CA"
0,nc,73710551,nc73710551,2022-03-26T11:53:01.950Z,3/26/22 11:53,1648295581,2.59,25:57.9,final,md,38.5153333,-119.5418333,"5km W of Walker, CA"
0,nc,73686851,nc73686851,2022-02-01T14:28:19.810Z,2/1/22 14:28,1643725699,2.59,04:47.4,final,md,40.3695,-124.2936667,"5km N of Petrolia, CA"
0,nc,73684816,nc73684816,2022-01-28T10:36:54.660Z,1/28/22 10:36,1643366214,2.59,38:00.2,final,md,39.7941667,-123.1843333,"5km E of Covelo, CA"
0,nc,73682876,nc73682876,2022-01-25T23:53:35.730Z,1/25/22 23:53,1643154815,2.59,42:31.6,final,md,40.3488333,-124.7638333,"41km W of Petrolia, CA"
0,nc,73681616,nc73681616,2022-01-21T21:17:43.410Z,1/21/22 21:17,1642799863,2.59,13:54.4,final,md,38.7623333,-122.7396667,"2km SE of The Geysers, CA"
0,nc,73681106,nc73681106,2022-01-20T18:11:21.570Z,1/20/22 18:11,1642702281,2.59,30:37.3,final,md,37.3301667,-118.147,"15km WSW of Deep Springs, CA"
0,nc,73678226,nc73678226,2022-01-14T04:50:22.640Z,1/14/22 4:50,1642135822,2.59,55:20.1,final,md,38.8395,-122.8366667,"10km NW of The Geysers, CA"
0,nc,73676991,nc73676991,2022-01-11T12:02:17.650Z,1/11/22 12:02,1641902537,2.59,24:20.5,final,md,40.3055,-124.3686667,"7km WSW of Petrolia, CA"
0,nc,73675531,nc73675531,2022-01-08T08:29:01.760Z,1/8/22 8:29,1641630541,2.59,16:02.6,final,md,38.8345,-122.8058333,"7km W of Cobb, CA"
0,ci,40180104,ci40180104,2022-02-08T15:38:22.330Z,2/8/22 15:38,1644334702,2.59,16:24.1,final,ml,34.0871667,-118.2895,"2km WSW of Silver Lake, CA"
0,ci,39925911,ci39925911,2022-01-28T06:05:58.700Z,1/28/22 6:05,1643349958,2.59,03:39.7,final,ml,32.4788333,-116.9325,"10km SE of Tijuana, B.C., MX"
0,nc,73752786,nc73752786,2022-06-30T05:07:26.260Z,6/30/22 5:07,1656565646,2.58,44:02.6,final,md,37.4365,-118.4985,"9km ENE of Round Valley, CA"
0,nc,73745021,nc73745021,2022-06-13T19:36:35.770Z,6/13/22 19:36,1655148995,2.58,40:16.8,final,md,40.478,-122.0265,"12km W of Shingletown, CA"
0,nc,73744236,nc73744236,2022-06-12T02:06:39.560Z,6/12/22 2:06,1654999599,2.58,37:14.0,final,md,37.5636667,-118.8621667,"13km SE of Mammoth Lakes, CA"
0,nc,73737316,nc73737316,2022-05-24T05:16:33.330Z,5/24/22 5:16,1653369393,2.58,19:00.5,final,md,39.6326667,-122.0078333,"12km S of Hamilton City, CA"
0,nc,73714641,nc73714641,2022-04-05T10:17:20.280Z,4/5/22 10:17,1649153840,2.58,10:17.9,final,md,40.318,-124.3651667,"7km W of Petrolia, CA"
0,nc,73704531,nc73704531,2022-03-12T03:42:07.980Z,3/12/22 3:42,1647056527,2.58,24:28.5,final,md,36.4666667,-121.0545,"11km SE of Pinnacles, CA"
0,nc,73682121,nc73682121,2022-01-23T01:20:10.250Z,1/23/22 1:20,1642900810,2.58,15:08.4,final,md,38.545,-119.538,"6km WNW of Walker, CA"
0,nc,73677341,nc73677341,2022-01-12T01:32:54.330Z,1/12/22 1:32,1641951174,2.58,32:51.6,final,md,40.3076667,-124.6053333,"27km W of Petrolia, CA"
0,ci,40097423,ci40097423,2022-09-07T10:30:51.160Z,9/7/22 10:30,1662546651,2.58,58:51.4,final,ml,35.3678333,-118.549,"25km SSW of Bodfish, CA"
0,ci,39924911,ci39924911,2022-01-27T11:12:18.860Z,1/27/22 11:12,1643281938,2.58,37:02.8,final,ml,35.0418333,-118.993,"12km NNW of Grapevine, CA"
0,nc,73779741,nc73779741,2022-09-09T12:57:21.700Z,9/9/22 12:57,1662728241,2.57,52:55.7,final,md,38.7813333,-122.7468333,"1km ENE of The Geysers, CA"
0,nc,73768225,nc73768225,2022-08-15T02:03:05.330Z,8/15/22 2:03,1660528985,2.57,58:28.9,final,md,38.5756667,-119.4438333,"8km NNE of Walker, CA"
0,nc,73765690,nc73765690,2022-08-08T22:39:15.590Z,8/8/22 22:39,1659998355,2.57,26:22.8,final,md,38.5835,-119.4538333,"8km NNE of Walker, CA"
0,nc,73761716,nc73761716,2022-07-22T22:15:15.250Z,7/22/22 22:15,1658528115,2.57,22:18.2,final,md,38.7928333,-122.7618333,"2km NNW of The Geysers, CA"
0,nc,73744171,nc73744171,2022-06-11T22:46:57.340Z,6/11/22 22:46,1654987617,2.57,51:10.1,final,md,37.5628333,-118.8613333,"13km SE of Mammoth Lakes, CA"
0,nc,73736226,nc73736226,2022-05-21T08:11:12.300Z,5/21/22 8:11,1653120672,2.57,55:53.7,final,md,40.5215,-122.9758333,"18km ESE of Hayfork, CA"
0,nc,73730551,nc73730551,2022-05-07T21:25:30.200Z,5/7/22 21:25,1651958730,2.57,21:51.9,final,md,38.2368333,-119.3401667,"10km WSW of Bridgeport, CA"
0,nc,73716646,nc73716646,2022-04-10T17:02:58.610Z,4/10/22 17:02,1649610178,2.57,09:11.3,final,md,36.7566667,-121.2625,"6km SE of Tres Pinos, CA"
0,nc,73711436,nc73711436,2022-03-28T08:35:41.430Z,3/28/22 8:35,1648456541,2.57,32:49.9,final,md,39.3458333,-122.8886667,"9km SE of Lake Pillsbury, CA"
0,nc,73686841,nc73686841,2022-02-01T13:34:00.880Z,2/1/22 13:34,1643722440,2.57,36:31.2,final,md,40.5941667,-124.8785,"52km W of Ferndale, CA"
0,nc,73674136,nc73674136,2022-01-05T20:20:34.190Z,1/5/22 20:20,1641414034,2.57,35:56.5,final,md,40.4543333,-124.274,"14km S of Ferndale, CA"
0,ci,40256064,ci40256064,2022-05-11T07:25:19.250Z,5/11/22 7:25,1652253919,2.57,57:45.2,final,ml,33.4798333,-116.4855,"19km ESE of Anza, CA"
0,ci,40254520,ci40254520,2022-05-08T15:38:43.400Z,5/8/22 15:38,1652024323,2.57,04:01.0,final,ml,35.68,-117.4736667,"12km SSW of Searles Valley, CA"
0,ci,40251216,ci40251216,2022-05-03T14:30:55.100Z,5/3/22 14:30,1651588255,2.57,58:26.3,final,ml,34.0185,-117.198,"4km SSW of Redlands, CA"
0,ci,40078807,ci40078807,2022-08-10T04:36:50.850Z,8/10/22 4:36,1660106210,2.57,05:33.4,final,ml,35.6531667,-117.496,"15km SSW of Searles Valley, CA"
0,ci,40026471,ci40026471,2022-05-25T17:29:55.340Z,5/25/22 17:29,1653499795,2.57,17:55.4,final,ml,34.374,-118.722,"8km SE of Piru, CA"
0,ci,39923479,ci39923479,2022-01-26T05:05:55.330Z,1/26/22 5:05,1643173555,2.57,25:41.8,final,ml,36.0263333,-117.781,"15km NE of Little Lake, CA"
0,uw,61862587,uw61862587,2022-08-12T10:02:25.060Z,8/12/22 10:02,1660298545,2.56,56:45.0,final,ml,47.86216667,-123.2571667,"24 km SSW of River Road, Washington"
0,nc,73776805,nc73776805,2022-09-08T09:46:49.630Z,9/8/22 9:46,1662630409,2.56,25:50.9,final,md,38.8266667,-122.8043333,"7km NW of The Geysers, CA"
0,nc,73748071,nc73748071,2022-06-20T09:17:08.840Z,6/20/22 9:17,1655716628,2.56,51:40.6,final,md,38.8206667,-122.7608333,"3km W of Cobb, CA"
0,nc,73741171,nc73741171,2022-06-07T16:31:24.490Z,6/7/22 16:31,1654619484,2.56,56:12.9,final,md,37.925,-118.5233333,"43km S of Qualeys Camp, NV"
0,nc,73718085,nc73718085,2022-04-16T00:01:49.220Z,4/16/22 0:01,1650067309,2.56,44:46.0,final,md,36.9511667,-121.6915,"4km E of Interlaken, CA"
0,nc,73718040,nc73718040,2022-04-15T22:19:56.640Z,4/15/22 22:19,1650061196,2.56,57:42.7,final,md,40.428,-124.4005,"15km NW of Petrolia, CA"
0,nc,73717865,nc73717865,2022-04-15T15:06:47.720Z,4/15/22 15:06,1650035207,2.56,45:26.5,final,md,40.4643333,-124.4016667,"17km SW of Ferndale, CA"
0,ci,40329976,ci40329976,2022-08-22T22:12:09.160Z,8/22/22 22:12,1661206329,2.56,58:06.9,final,ml,33.777,-116.9925,"3km WSW of San Jacinto, CA"
0,ci,40290216,ci40290216,2022-06-24T02:56:13.910Z,6/24/22 2:56,1656039373,2.56,32:00.9,final,ml,36.9768333,-117.5901667,"57km NW of Stovepipe Wells, CA"
0,nc,73763100,nc73763100,2022-08-02T14:32:45.520Z,8/2/22 14:32,1659450765,2.55,30:46.6,final,md,36.6278333,-119.2715,"4km E of Orange Cove, CA"
0,nc,73756726,nc73756726,2022-07-09T15:34:52.400Z,7/9/22 15:34,1657380892,2.55,14:08.0,final,md,40.226,-121.1521667,"2km N of Prattville, CA"
0,nc,73723750,nc73723750,2022-04-26T14:26:57.970Z,4/26/22 14:26,1650983217,2.55,01:42.4,final,md,40.4025,-124.3471667,"10km NNW of Petrolia, CA"
0,nc,73717261,nc73717261,2022-04-12T00:54:16.370Z,4/12/22 0:54,1649724856,2.55,52:13.7,final,md,40.4623333,-124.2815,"13km S of Ferndale, CA"
0,nc,73690341,nc73690341,2022-02-09T04:04:57.620Z,2/9/22 4:04,1644379497,2.55,39:35.5,final,md,39.7513333,-124.6313333,"57km WSW of Shelter Cove, CA"
0,ci,40334032,ci40334032,2022-08-29T21:45:14.940Z,8/29/22 21:45,1661809514,2.55,38:15.8,final,ml,33.4826667,-116.429,"23km SSW of La Quinta, CA"
0,ci,40177192,ci40177192,2022-02-05T07:41:04.630Z,2/5/22 7:41,1644046864,2.55,24:20.4,final,ml,32.8841667,-117.5008333,"22km W of La Jolla, CA"
0,ci,40039327,ci40039327,2022-06-13T09:45:10.910Z,6/13/22 9:45,1655113510,2.55,26:51.7,final,ml,33.5033333,-116.4615,"20km ESE of Anza, CA"
0,nc,73765870,nc73765870,2022-08-09T08:49:14.400Z,8/9/22 8:49,1660034954,2.54,07:36.5,final,md,38.5818333,-119.4626667,"8km NNE of Walker, CA"
0,nc,73761606,nc73761606,2022-07-22T12:35:30.060Z,7/22/22 12:35,1658493330,2.54,02:31.5,final,md,40.2861667,-124.6531667,"32km W of Petrolia, CA"
0,nc,73758121,nc73758121,2022-07-13T03:59:30.040Z,7/13/22 3:59,1657684770,2.54,35:25.9,final,md,38.6661667,-119.704,"8km ESE of Markleeville, CA"
0,nc,73755121,nc73755121,2022-07-05T23:48:26.340Z,7/5/22 23:48,1657064906,2.54,35:43.5,final,md,38.7748333,-122.7128333,"2km W of Anderson Springs, CA"
0,nc,73725356,nc73725356,2022-04-28T01:52:44.500Z,4/28/22 1:52,1651110764,2.54,41:40.6,final,md,36.573,-121.1268333,"5km NNE of Pinnacles, CA"
0,nc,73699546,nc73699546,2022-03-01T16:06:50.470Z,3/1/22 16:06,1646150810,2.54,44:38.4,final,md,40.2943333,-124.3678333,"8km WSW of Petrolia, CA"
0,nc,73693421,nc73693421,2022-02-16T01:16:32.520Z,2/16/22 1:16,1644974192,2.54,13:26.4,final,md,36.9151667,-121.6668333,"4km NW of Aromas, CA"
0,ci,39913455,ci39913455,2022-01-15T16:19:02.000Z,1/15/22 16:19,1642263542,2.54,11:18.1,final,ml,34.9595,-118.7328333,"18km NE of Lebec, CA"
0,nc,73775475,nc73775475,2022-09-04T20:32:05.750Z,9/4/22 20:32,1662323525,2.53,04:36.0,final,md,36.5661667,-121.1366667,"4km N of Pinnacles, CA"
0,nc,73762760,nc73762760,2022-08-01T18:24:40.200Z,8/1/22 18:24,1659378280,2.53,08:41.9,final,md,40.2866667,-124.4751667,"17km WSW of Petrolia, CA"
0,nc,73729226,nc73729226,2022-05-04T13:56:06.310Z,5/4/22 13:56,1651672566,2.53,15:16.5,final,md,40.6633333,-123.7663333,"30km SE of Blue Lake, CA"
0,nc,73707696,nc73707696,2022-03-19T12:58:03.960Z,3/19/22 12:58,1647694683,2.53,00:45.8,final,md,38.5208333,-119.532,"5km W of Walker, CA"
0,nc,73701596,nc73701596,2022-03-05T11:00:22.300Z,3/5/22 11:00,1646478022,2.53,04:33.8,final,md,36.527,-120.6948333,"12km N of New Idria, CA"
0,nc,71127199,nc71127199,2022-02-16T10:36:48.600Z,2/16/22 10:36,1645007808,2.53,56:25.8,final,md,40.3516667,-124.3243333,"4km NW of Petrolia, CA"
0,ci,39969735,ci39969735,2022-03-17T01:46:56.550Z,3/17/22 1:46,1647481616,2.53,18:23.0,final,ml,34.0955,-116.7736667,"19km WNW of Morongo Valley, CA"
0,ci,39917967,ci39917967,2022-01-20T09:52:30.400Z,1/20/22 9:52,1642672350,2.53,36:10.0,final,ml,35.5243333,-117.4053333,"27km ESE of Ridgecrest, CA"
0,nc,73768410,nc73768410,2022-08-15T16:52:45.780Z,8/15/22 16:52,1660582365,2.52,06:51.0,final,md,40.432,-123.4543333,"27km WSW of Hayfork, CA"
0,nc,73766330,nc73766330,2022-08-10T15:41:57.940Z,8/10/22 15:41,1660146117,2.52,29:39.6,final,md,38.5856667,-119.4596667,"8km NNE of Walker, CA"
0,nc,73739416,nc73739416,2022-05-31T00:05:24.860Z,5/31/22 0:05,1653955524,2.52,34:52.7,final,md,38.7638333,-122.7153333,"2km WSW of Anderson Springs, CA"
0,nc,73714596,nc73714596,2022-04-05T08:05:34.920Z,4/5/22 8:05,1649145934,2.52,43:15.0,final,md,40.1378333,-123.8226667,"2km N of Redway, CA"
0,nc,73705706,nc73705706,2022-03-15T00:48:49.460Z,3/15/22 0:48,1647305329,2.52,41:10.5,final,md,40.4145,-124.2883333,"10km N of Petrolia, CA"
0,nc,73676091,nc73676091,2022-01-09T07:54:00.250Z,1/9/22 7:54,1641714840,2.52,23:03.2,final,md,36.2871667,-120.3461667,"16km N of Coalinga, CA"
0,ci,40302120,ci40302120,2022-07-12T01:47:38.030Z,7/12/22 1:47,1657590458,2.52,30:19.1,final,ml,34.1713333,-117.3131667,"3km ENE of Muscoy, CA"
0,ci,40243480,ci40243480,2022-04-21T22:18:06.360Z,4/21/22 22:18,1650579486,2.52,31:09.2,final,ml,35.6711667,-117.4706667,"12km SSW of Searles Valley, CA"
0,ci,39989335,ci39989335,2022-04-09T13:14:38.560Z,4/9/22 13:14,1649510078,2.52,19:21.9,final,ml,35.368,-118.4771667,"24km S of Bodfish, CA"
0,ci,39908695,ci39908695,2022-01-11T11:41:49.810Z,1/11/22 11:41,1641901309,2.52,10:48.1,final,ml,33.8123333,-118.2528333,"3km SE of Carson, CA"
0,nc,73776905,nc73776905,2022-09-08T12:48:15.140Z,9/8/22 12:48,1662641295,2.51,48:27.0,final,md,36.8376667,-121.5693333,"3km WSW of San Juan Bautista, CA"
0,nc,73755626,nc73755626,2022-07-07T03:00:24.220Z,7/7/22 3:00,1657162824,2.51,17:54.0,final,md,38.6226667,-119.8226667,"8km SSW of Markleeville, CA"
0,nc,73754326,nc73754326,2022-07-04T14:13:35.350Z,7/4/22 14:13,1656944015,2.51,51:22.5,final,md,37.353,-118.5498333,"8km SSE of Round Valley, CA"
0,nc,73740571,nc73740571,2022-06-04T15:30:20.420Z,6/4/22 15:30,1654356620,2.51,21:26.7,final,md,39.302,-122.8581667,"15km SE of Lake Pillsbury, CA"
0,nc,73730346,nc73730346,2022-05-07T08:00:22.990Z,5/7/22 8:00,1651910422,2.51,32:34.3,final,md,38.8321667,-122.8126667,"8km NW of The Geysers, CA"
0,nc,73684671,nc73684671,2022-01-28T03:40:17.270Z,1/28/22 3:40,1643341217,2.51,21:58.8,final,md,39.7995,-123.1841667,"6km E of Covelo, CA"
0,nc,73681251,nc73681251,2022-01-20T23:35:54.110Z,1/20/22 23:35,1642721754,2.51,34:05.8,final,md,38.5373333,-119.5316667,"5km WNW of Walker, CA"
0,nc,73672276,nc73672276,2022-01-01T17:29:27.090Z,1/1/22 17:29,1641058167,2.51,29:48.6,final,md,40.2916667,-124.5601667,"24km W of Petrolia, CA"
0,ci,40033063,ci40033063,2022-06-03T12:05:21.050Z,6/3/22 12:05,1654257921,2.51,25:00.5,final,ml,33.9005,-118.4136667,"2km N of Manhattan Beach, CA"
0,ci,40031607,ci40031607,2022-06-01T12:58:22.190Z,6/1/22 12:58,1654088302,2.51,08:12.4,final,ml,34.0105,-116.4458333,"8km NE of Desert Hot Springs, CA"
0,ci,39931047,ci39931047,2022-02-02T16:23:55.830Z,2/2/22 16:23,1643819035,2.51,48:36.3,final,ml,35.28,-119.3995,"15km SSE of Buttonwillow, CA"
0,us,7000hdzr,us7000hdzr,2022-06-01T02:33:15.274Z,6/1/22 2:33,1654050795,2.5,13:11.0,reviewed,ml,41.9075,-126.694,"194 km WSW of Pistol River, Oregon"
0,us,7000h8fl,us7000h8fl,2022-05-10T21:33:44.270Z,5/10/22 21:33,1652218424,2.5,31:12.0,reviewed,ml,40.1508,-116.7455,"32 km SSW of Crescent Valley, Nevada"
0,us,6000i1fc,us6000i1fc,2022-07-10T19:08:19.800Z,7/10/22 19:08,1657480099,2.5,26:00.0,reviewed,ml,40.6271,-127.0852,"238 km W of Ferndale, California"
0,us,6000hlx4,us6000hlx4,2022-05-18T02:04:06.182Z,5/18/22 2:04,1652839446,2.5,39:44.0,reviewed,ml,41.4815,-125.9921,"152 km WSW of Crescent City, California"
0,us,6000hlg7,us6000hlg7,2022-05-16T12:33:22.770Z,5/16/22 12:33,1652704402,2.5,39:07.0,reviewed,ml,40.9615,-127.2376,"254 km W of Ferndale, California"
0,us,6000gzy6,us6000gzy6,2022-02-25T00:42:16.013Z,2/25/22 0:42,1645749736,2.5,40:29.0,reviewed,ml,42.367,-126.6859,"184 km WSW of Port Orford, Oregon"
0,nn,847119,nn847119,2022-09-14T10:08:27.398Z,9/14/22 10:08,1663150107,2.5,17:57.9,reviewed,ml,38.1784,-117.8713,"31 km SE of Mina, Nevada"
0,nn,846944,nn846944,2022-09-12T22:47:33.970Z,9/12/22 22:47,1663022853,2.5,39:46.1,reviewed,ml,38.1688,-117.8757,"31 km SE of Mina, Nevada"
0,nn,845804,nn845804,2022-08-25T08:47:22.246Z,8/25/22 8:47,1661417242,2.5,20:00.1,reviewed,ml,38.1562,-118.0016,"27 km SSE of Mina, Nevada"
0,nn,844673,nn844673,2022-08-10T11:14:22.201Z,8/10/22 11:14,1660130062,2.5,29:34.8,reviewed,ml,38.2514,-118.363,"27 km SW of Mina, Nevada"
0,nn,839553,nn839553,2022-05-25T09:59:11.337Z,5/25/22 9:59,1653472751,2.5,39:46.4,reviewed,ml,40.1048,-119.4655,"20 km NE of Sutcliffe, Nevada"
0,nn,839547,nn839547,2022-05-25T09:31:42.891Z,5/25/22 9:31,1653471102,2.5,39:44.0,reviewed,ml,40.0985,-119.4644,"20 km NE of Sutcliffe, Nevada"
0,nn,839528,nn839528,2022-05-25T04:41:59.801Z,5/25/22 4:41,1653453719,2.5,39:19.7,reviewed,ml,38.1593,-117.9384,"29 km SSE of Mina, Nevada"
0,nn,839060,nn839060,2022-05-17T23:36:48.896Z,5/17/22 23:36,1652830608,2.5,39:35.7,reviewed,ml,38.1172,-118.0979,"30 km S of Mina, Nevada"
0,nn,838155,nn838155,2022-05-02T02:55:55.715Z,5/2/22 2:55,1651460155,2.5,15:14.8,reviewed,ml,38.1577,-117.8887,"32 km SE of Mina, Nevada"
0,nn,836685,nn836685,2022-04-04T17:49:08.189Z,4/4/22 17:49,1649094548,2.5,40:30.1,reviewed,ml,38.1645,-118.0431,"25 km SSE of Mina, Nevada"
0,nn,835115,nn835115,2022-03-09T20:38:28.638Z,3/9/22 20:38,1646858308,2.5,37:21.3,reviewed,ml,38.1199,-118.113,"30 km S of Mina, Nevada"
0,nn,834252,nn834252,2022-02-22T04:46:19.998Z,2/22/22 4:46,1645505179,2.5,54:11.2,reviewed,ml,39.6179,-116.8827,"21 km NE of Austin, Nevada"
0,nn,833739,nn833739,2022-02-12T16:55:53.594Z,2/12/22 16:55,1644684953,2.5,07:45.2,reviewed,ml,39.4843,-119.1359,"10 km NE of Silver Springs, Nevada"
0,nn,832058,nn832058,2022-01-20T16:52:08.489Z,1/20/22 16:52,1642697528,2.5,37:19.9,reviewed,ml,38.1849,-117.7638,"37 km SE of Mina, Nevada"
0,nn,831422,nn831422,2022-01-09T08:04:25.513Z,1/9/22 8:04,1641715465,2.5,59:02.3,reviewed,ml,38.1755,-117.8184,"34 km SE of Mina, Nevada"
0,nn,830840,nn830840,2022-01-01T19:25:42.770Z,1/1/22 19:25,1641065142,2.5,30:17.4,reviewed,ml,38.1694,-117.8237,"34 km SE of Mina, Nevada"
0,nc,73775965,nc73775965,2022-09-06T06:09:22.070Z,9/6/22 6:09,1662444562,2.5,10:23.4,final,md,40.3098333,-124.4598333,"15km W of Petrolia, CA"
0,nc,73770575,nc73770575,2022-08-22T02:40:05.470Z,8/22/22 2:40,1661136005,2.5,03:15.3,final,md,36.461,-121.0418333,"12km SE of Pinnacles, CA"
0,nc,73767400,nc73767400,2022-08-12T20:56:44.070Z,8/12/22 20:56,1660337804,2.5,29:42.9,final,md,38.511,-119.541,"5km W of Walker, CA"
0,nc,73767220,nc73767220,2022-08-12T08:24:05.570Z,8/12/22 8:24,1660292645,2.5,23:25.9,final,md,40.285,-124.4623333,"16km WSW of Petrolia, CA"
0,nc,73759136,nc73759136,2022-07-16T03:26:29.140Z,7/16/22 3:26,1657941989,2.5,36:04.7,final,md,38.7861667,-122.735,"2km ENE of The Geysers, CA"
0,nc,73756541,nc73756541,2022-07-09T01:52:08.880Z,7/9/22 1:52,1657331528,2.5,24:01.2,final,md,37.6316667,-119.4151667,"19km SE of Yosemite Valley, CA"
0,nc,73746246,nc73746246,2022-06-16T15:58:06.100Z,6/16/22 15:58,1655395086,2.5,25:45.1,final,md,37.668,-119.4301667,"15km ESE of Yosemite Valley, CA"
0,nc,73739051,nc73739051,2022-05-28T20:46:49.880Z,5/28/22 20:46,1653770809,2.5,37:58.0,final,md,38.8138333,-122.8098333,"6km NW of The Geysers, CA"
0,nc,73738111,nc73738111,2022-05-26T08:01:23.950Z,5/26/22 8:01,1653552083,2.5,52:14.6,final,md,37.5456667,-118.8021667,"11km W of Toms Place, CA"
0,nc,73727496,nc73727496,2022-05-01T10:53:26.030Z,5/1/22 10:53,1651402406,2.5,48:14.2,final,md,36.856,-121.6015,"5km SE of Aromas, CA"
0,nc,73686881,nc73686881,2022-02-01T18:05:16.380Z,2/1/22 18:05,1643738716,2.5,42:51.0,final,md,36.4708333,-121.0445,"11km SE of Pinnacles, CA"
0,ci,40207960,ci40207960,2022-03-15T00:57:31.560Z,3/15/22 0:57,1647305851,2.5,41:54.7,final,ml,34.4368333,-119.2963333,"5km WSW of Ojai, CA"
0,ci,40077271,ci40077271,2022-08-08T03:27:10.480Z,8/8/22 3:27,1659929230,2.5,32:17.6,final,ml,33.3693333,-116.9723333,"10km E of Pala, CA"
0,ci,39986031,ci39986031,2022-04-04T17:25:18.690Z,4/4/22 17:25,1649093118,2.5,27:55.7,final,ml,33.9998333,-119.1015,"19km SSE of Port Hueneme, CA"
0,ci,39926031,ci39926031,2022-01-28T10:40:07.860Z,1/28/22 10:40,1643366407,2.5,22:22.9,final,ml,33.8395,-117.0401667,"10km NW of San Jacinto, CA"